id,first_name,last_name,email,gender,ip_address
1,Barbabra,Nekrews,bnekrews0@spiegel.de,Bigender,12.221.154.120
2,Lorens,Lohrensen,llohrensen1@zdnet.com,Female,219.49.152.124
3,Teddi,Wogdon,twogdon2@networksolutions.com,Male,103.76.145.8
4,Dora,Ionnisian,dionnisian3@w3.org,Female,239.80.98.178
5,Izzy,Klimmek,iklimmek4@dropbox.com,Female,110.14.11.240
6,Othilia,Storror,ostorror5@skype.com,Female,232.37.92.190
7,Annmaria,Singh,asingh6@dropbox.com,Male,76.162.49.246
8,Balduin,Belcher,bbelcher7@chronoengine.com,Genderqueer,29.180.204.81
9,Dixie,Croome,dcroome8@sfgate.com,Bigender,204.189.83.244
10,Niko,Martusewicz,nmartusewicz9@businesswire.com,Female,174.56.188.105
11,Ody,Morden,omordena@blog.com,Male,134.140.12.134
12,Jamaal,Stenyng,jstenyngb@mashable.com,Female,2.155.225.99
13,Maure,Risen,mrisenc@mashable.com,Female,212.124.65.50
14,Roma,Falconbridge,rfalconbridged@apple.com,Genderfluid,99.127.235.208
15,Cybil,Edwinson,cedwinsone@unblog.fr,Male,12.74.169.33
16,Etty,Harman,eharmanf@nih.gov,Female,131.179.18.134
17,Adena,Wegner,awegnerg@pcworld.com,Female,57.170.164.91
18,Perla,Bedboro,pbedboroh@hubpages.com,Male,196.135.123.1
19,Shea,Spellacy,sspellacyi@gravatar.com,Male,238.185.138.156
20,Kyle,Sieghard,ksieghardj@redcross.org,Female,136.131.106.116
21,Asa,Habble,ahabblek@google.com.au,Female,63.209.172.42
22,Ajay,Osmint,aosmintl@chronoengine.com,Male,63.164.159.171
23,Bobby,Binns,bbinnsm@flavors.me,Female,122.38.65.201
24,Paloma,Townes,ptownesn@google.cn,Male,75.201.26.102
25,Lucy,Litterick,llittericko@imgur.com,Female,120.184.144.169
26,Halli,Cleve,hclevep@mit.edu,Male,125.218.166.187
27,Dido,Wilkin,dwilkinq@shop-pro.jp,Male,168.105.1.2
28,Tann,Gayforth,tgayforthr@ycombinator.com,Male,0.185.55.161
29,Erna,MacLleese,emaclleeses@wufoo.com,Genderfluid,46.11.109.213
30,Sisely,Gravenell,sgravenellt@businessinsider.com,Male,24.77.230.218
31,Cassandry,Bernade,cbernadeu@weebly.com,Male,112.130.6.58
32,Rowan,Mariaud,rmariaudv@springer.com,Female,65.105.208.107
33,Goober,Andreia,gandreiaw@odnoklassniki.ru,Female,135.95.232.79
34,Beret,Dikelin,bdikelinx@ted.com,Male,26.234.223.77
35,Hill,Duffell,hduffelly@wp.com,Female,133.64.129.90
36,Bordie,Plumbe,bplumbez@mail.ru,Male,243.238.154.56
37,Dianna,Grishanov,dgrishanov10@washington.edu,Genderfluid,107.56.162.121
38,Egor,Dalston,edalston11@amazon.de,Female,38.197.121.99
39,Yasmin,Gourdon,ygourdon12@theguardian.com,Female,25.160.72.197
40,Flin,Lutwyche,flutwyche13@nature.com,Female,148.229.106.208
41,Ethelred,de Verson,edeverson14@uol.com.br,Male,237.181.152.208
42,Zolly,Proudler,zproudler15@cdbaby.com,Male,143.15.135.22
43,Richart,Rickeard,rrickeard16@360.cn,Male,97.210.238.48
44,Adena,Mitchenson,amitchenson17@guardian.co.uk,Male,51.202.178.185
45,Basil,Verrechia,bverrechia18@eventbrite.com,Female,250.96.30.45
46,Legra,Records,lrecords19@rakuten.co.jp,Female,228.104.150.36
47,Inigo,Priden,ipriden1a@hatena.ne.jp,Female,144.159.31.29
48,Harmonia,Paolino,hpaolino1b@pen.io,Male,75.132.139.156
49,Ingaborg,Grishakov,igrishakov1c@google.pl,Female,57.167.7.48
50,Carlye,Collough,ccollough1d@livejournal.com,Male,99.34.197.21
51,Etienne,Barnfield,ebarnfield1e@state.tx.us,Female,95.135.246.132
52,Tadio,Jarmyn,tjarmyn1f@icq.com,Female,171.249.92.92
53,Lazare,Doy,ldoy1g@imageshack.us,Male,186.87.32.220
54,Bucky,Mather,bmather1h@taobao.com,Female,126.242.190.146
55,Bellanca,Fehely,bfehely1i@bbb.org,Male,83.8.127.51
56,Rachelle,Chevers,rchevers1j@privacy.gov.au,Female,149.209.8.206
57,Mella,Lummasana,mlummasana1k@blinklist.com,Male,90.2.249.53
58,Ogdon,Liddiard,oliddiard1l@domainmarket.com,Female,53.100.238.10
59,Idette,Conquest,iconquest1m@t.co,Female,31.83.61.152
60,Chance,Matitiaho,cmatitiaho1n@pcworld.com,Male,73.147.114.217
61,Lanie,Curds,lcurds1o@google.com,Male,201.133.66.6
62,Dalis,McMurty,dmcmurty1p@princeton.edu,Male,63.234.162.17
63,Adelheid,Forman,aforman1q@nyu.edu,Male,176.138.148.0
64,Cristionna,Betteriss,cbetteriss1r@umn.edu,Female,248.98.11.24
65,Anette,Wrist,awrist1s@google.com.br,Male,163.195.158.63
66,Terrence,Liddle,tliddle1t@cdbaby.com,Male,193.110.52.150
67,Ethyl,Paulsson,epaulsson1u@google.com.br,Male,155.118.4.16
68,Timmy,Chevolleau,tchevolleau1v@unicef.org,Male,51.199.198.197
69,Pall,Bradick,pbradick1w@yahoo.co.jp,Female,98.79.130.248
70,Shina,McCaughran,smccaughran1x@yandex.ru,Female,174.95.178.232
71,Angela,Doyle,adoyle1y@jigsy.com,Male,67.1.139.67
72,Germayne,Sweet,gsweet1z@xinhuanet.com,Bigender,217.24.32.239
73,Scott,Boundy,sboundy20@usa.gov,Bigender,91.59.98.89
74,Freeland,Ravel,fravel21@fda.gov,Female,35.238.191.33
75,Michele,Maggill'Andreis,mmaggillandreis22@examiner.com,Female,12.98.253.6
76,Jameson,Blonden,jblonden23@tamu.edu,Female,84.88.203.172
77,Larina,Brickner,lbrickner24@merriam-webster.com,Male,47.161.212.175
78,Hedvig,Comrie,hcomrie25@virginia.edu,Female,87.244.98.52
79,Doreen,Chastang,dchastang26@wufoo.com,Female,139.121.96.63
80,Marsiella,Ajsik,majsik27@t.co,Male,82.84.148.20
81,Oralle,Jandourek,ojandourek28@go.com,Female,57.59.101.169
82,Renell,Bourley,rbourley29@behance.net,Female,166.18.152.29
83,Analise,Cullnean,acullnean2a@jigsy.com,Male,212.29.140.177
84,Tonie,Thackray,tthackray2b@dion.ne.jp,Female,153.127.178.58
85,Gasper,Skehens,gskehens2c@statcounter.com,Female,167.70.115.96
86,Demetre,Duding,dduding2d@blog.com,Female,60.54.34.15
87,Jessie,Seifenmacher,jseifenmacher2e@ustream.tv,Female,76.87.241.108
88,Barry,Lofts,blofts2f@oracle.com,Male,29.49.147.128
89,Ralf,Rallinshaw,rrallinshaw2g@w3.org,Non-binary,199.146.6.148
90,Ase,Puddifer,apuddifer2h@1688.com,Female,31.41.69.244
91,Leland,Casaletto,lcasaletto2i@ifeng.com,Female,94.228.81.76
92,Leigh,Ethelston,lethelston2j@time.com,Male,127.74.107.1
93,Patrizio,Maidment,pmaidment2k@army.mil,Female,158.156.218.206
94,Ambrose,Willcox,awillcox2l@ow.ly,Female,216.88.161.223
95,Blithe,Lippingwell,blippingwell2m@bravesites.com,Male,152.48.186.16
96,Boony,Wemes,bwemes2n@abc.net.au,Genderqueer,124.59.121.229
97,Nappie,Oakenford,noakenford2o@cnet.com,Female,62.76.20.250
98,Adam,Borchardt,aborchardt2p@mozilla.org,Female,84.73.201.126
99,Marjie,Twinning,mtwinning2q@examiner.com,Female,178.37.107.12
100,Stephanus,Whines,swhines2r@smh.com.au,Male,79.207.17.240
101,Auguste,Alison,aalison2s@time.com,Male,28.30.223.217
102,Cletus,Balnaves,cbalnaves2t@163.com,Agender,193.52.224.254
103,Artemis,Rait,arait2u@nyu.edu,Female,93.105.183.101
104,Jannelle,Baselli,jbaselli2v@google.com.hk,Female,106.206.23.104
105,Koo,Mourant,kmourant2w@example.com,Female,115.53.0.160
106,Steffen,Kitchenside,skitchenside2x@mozilla.org,Genderqueer,101.52.29.32
107,Melisande,Filkov,mfilkov2y@nih.gov,Polygender,172.0.93.2
108,Joanna,Giacobillo,jgiacobillo2z@google.com.hk,Female,9.34.165.102
109,Olivero,Hearson,ohearson30@sitemeter.com,Female,158.140.215.84
110,Bili,Ledger,bledger31@earthlink.net,Male,192.112.87.1
111,Henri,Ruggiero,hruggiero32@123-reg.co.uk,Male,138.104.103.134
112,Blakelee,Leggat,bleggat33@businessinsider.com,Female,186.193.111.2
113,Ginevra,Medgewick,gmedgewick34@slashdot.org,Female,140.166.195.31
114,Cherie,Halahan,chalahan35@facebook.com,Female,125.114.41.58
115,Lilas,Minors,lminors36@netscape.com,Male,172.52.83.78
116,Jeffry,Bromilow,jbromilow37@virginia.edu,Female,253.23.106.243
117,Sherlock,Filoniere,sfiloniere38@statcounter.com,Genderqueer,199.35.132.43
118,Mommy,Adderson,madderson39@spiegel.de,Female,31.176.135.154
119,Aline,Martyntsev,amartyntsev3a@tripod.com,Female,227.64.255.232
120,Booth,Broxholme,bbroxholme3b@huffingtonpost.com,Male,22.60.6.247
121,Perice,Clucas,pclucas3c@businessweek.com,Male,134.77.245.130
122,Karlis,Doran,kdoran3d@noaa.gov,Male,254.65.63.26
123,Joachim,Torri,jtorri3e@geocities.jp,Male,241.238.74.216
124,Shayne,Swales,sswales3f@etsy.com,Male,2.190.148.172
125,Wayne,Allabush,wallabush3g@qq.com,Female,192.246.199.2
126,Catha,Barrabeale,cbarrabeale3h@mayoclinic.com,Female,99.43.94.90
127,Kristy,Ventris,kventris3i@eepurl.com,Polygender,172.117.72.8
128,Rosamund,Spondley,rspondley3j@smugmug.com,Female,138.100.64.6
129,Britney,Shreeve,bshreeve3k@senate.gov,Male,214.105.64.246
130,Craggy,Arnott,carnott3l@usgs.gov,Male,235.69.0.150
131,Amye,Dowsett,adowsett3m@adobe.com,Male,237.116.69.232
132,Nancee,Dyter,ndyter3n@bbb.org,Male,43.110.208.142
133,Luce,Buten,lbuten3o@woothemes.com,Female,176.151.163.231
134,Anatol,Corey,acorey3p@netvibes.com,Female,157.198.38.134
135,Aindrea,Brandes,abrandes3q@bigcartel.com,Male,107.94.165.162
136,Harriott,Sweating,hsweating3r@typepad.com,Male,212.180.243.66
137,Jobi,Jobke,jjobke3s@npr.org,Female,41.86.141.17
138,Quincey,Capper,qcapper3t@marketwatch.com,Female,167.239.253.156
139,Demeter,Grimsdyke,dgrimsdyke3u@ask.com,Male,241.74.37.51
140,Lani,Kemwall,lkemwall3v@bluehost.com,Male,178.199.68.123
141,Ephraim,McKinie,emckinie3w@t.co,Female,135.73.244.232
142,Moyra,Axe,maxe3x@icq.com,Male,16.187.209.119
143,Charleen,Giottoi,cgiottoi3y@4shared.com,Male,108.180.67.69
144,Jarib,Calliss,jcalliss3z@drupal.org,Male,141.29.242.163
145,Phylys,Hall,phall40@live.com,Male,132.52.57.65
146,Florencia,Coat,fcoat41@soundcloud.com,Female,182.224.138.31
147,Harlie,Cunnane,hcunnane42@ucoz.com,Polygender,15.57.69.215
148,Ursula,Tokley,utokley43@dyndns.org,Female,116.10.137.241
149,Ilyse,Buckthorp,ibuckthorp44@skype.com,Female,41.246.206.134
150,Rosabella,Edmons,redmons45@goo.gl,Female,170.227.15.98
151,Ilysa,Claringbold,iclaringbold46@last.fm,Female,78.239.255.243
152,Sawyer,Etty,setty47@shutterfly.com,Male,78.153.23.147
153,Boniface,Izsak,bizsak48@vkontakte.ru,Female,224.237.63.151
154,Natividad,Wederell,nwederell49@infoseek.co.jp,Male,127.116.10.90
155,Pepi,Kilmister,pkilmister4a@economist.com,Genderfluid,234.210.203.187
156,Aubert,Lafuente,alafuente4b@homestead.com,Bigender,209.138.78.101
157,Nessie,Lefeaver,nlefeaver4c@webs.com,Male,66.8.80.164
158,Wolf,Pritchett,wpritchett4d@infoseek.co.jp,Female,192.241.208.139
159,Katine,Robe,krobe4e@exblog.jp,Female,29.165.6.92
160,Roz,Eastmond,reastmond4f@barnesandnoble.com,Male,58.250.191.179
161,Kennith,Argont,kargont4g@vinaora.com,Male,106.179.24.30
162,Ashton,Milius,amilius4h@phpbb.com,Male,146.128.217.131
163,Morgen,Marc,mmarc4i@wired.com,Female,65.72.164.191
164,Fransisco,Balentyne,fbalentyne4j@istockphoto.com,Female,27.147.203.255
165,Gipsy,McInnery,gmcinnery4k@friendfeed.com,Female,205.37.232.97
166,Birch,Ghion,bghion4l@alexa.com,Female,78.54.252.28
167,Morey,Olney,molney4m@imdb.com,Female,50.73.211.114
168,Karole,Rowan,krowan4n@alexa.com,Polygender,249.195.12.104
169,Veronica,Benard,vbenard4o@printfriendly.com,Male,47.169.92.197
170,Matilde,Oland,moland4p@tripod.com,Non-binary,167.4.212.25
171,Basil,Friese,bfriese4q@accuweather.com,Female,67.72.112.33
172,Remington,Carswell,rcarswell4r@blog.com,Female,200.103.50.220
173,Saxe,MacNockater,smacnockater4s@naver.com,Female,103.0.205.8
174,Lewie,Pinckard,lpinckard4t@imdb.com,Male,140.64.210.140
175,Ingmar,McAline,imcaline4u@github.com,Male,25.247.206.143
176,Theodore,Skedgell,tskedgell4v@instagram.com,Female,6.175.74.28
177,Nana,Daout,ndaout4w@deliciousdays.com,Female,212.89.174.48
178,Minny,Halsall,mhalsall4x@umn.edu,Male,128.8.10.228
179,Cara,Grayer,cgrayer4y@sciencedirect.com,Male,116.251.184.37
180,Frederich,Brass,fbrass4z@unesco.org,Female,136.98.86.217
181,Artemus,Jarman,ajarman50@storify.com,Female,153.178.120.50
182,Ame,Gallo,agallo51@yellowpages.com,Male,13.124.147.97
183,Jeri,Willgoss,jwillgoss52@devhub.com,Female,244.254.86.9
184,Zabrina,Muzzi,zmuzzi53@arstechnica.com,Female,31.19.11.20
185,Allene,Pitford,apitford54@go.com,Female,13.11.43.104
186,Alvie,Upham,aupham55@newsvine.com,Male,244.167.58.169
187,Modesta,Cregg,mcregg56@mozilla.com,Female,2.111.187.87
188,Portia,Le Houx,plehoux57@thetimes.co.uk,Female,147.166.198.151
189,Sheena,Townrow,stownrow58@lycos.com,Genderfluid,67.6.90.231
190,Krisha,Raywood,kraywood59@gov.uk,Female,140.14.97.2
191,Regan,Merrigan,rmerrigan5a@theguardian.com,Male,151.207.36.45
192,Carver,Drillot,cdrillot5b@ezinearticles.com,Male,21.90.166.23
193,De witt,Maykin,dmaykin5c@bbb.org,Female,170.204.219.254
194,Virgilio,Mingardi,vmingardi5d@trellian.com,Male,148.10.225.115
195,Arvy,De Cleyne,adecleyne5e@lycos.com,Male,109.54.215.173
196,Anatol,Woollons,awoollons5f@seesaa.net,Non-binary,12.37.19.158
197,Kelli,Chamney,kchamney5g@army.mil,Male,227.38.116.235
198,Maurizio,Frayne,mfrayne5h@tripadvisor.com,Female,179.30.122.73
199,Cort,Chessill,cchessill5i@wp.com,Non-binary,60.19.227.216
200,Ellene,Royson,eroyson5j@webeden.co.uk,Female,165.247.54.40
201,Northrup,Le Leu,nleleu5k@nps.gov,Non-binary,71.75.153.149
202,Ado,Frantsev,afrantsev5l@wikimedia.org,Male,178.46.117.232
203,Bridgette,Robbie,brobbie5m@apple.com,Female,169.118.251.4
204,Gabriela,Gioani,ggioani5n@usgs.gov,Female,129.128.169.151
205,Kristofer,Waldie,kwaldie5o@mail.ru,Male,248.77.150.95
206,Beltran,Geaves,bgeaves5p@people.com.cn,Female,122.254.240.195
207,Brian,McCarrison,bmccarrison5q@amazon.de,Male,244.105.186.48
208,Devlen,Eskell,deskell5r@wired.com,Female,11.244.209.44
209,Earvin,Windless,ewindless5s@trellian.com,Non-binary,5.216.177.121
210,Carmina,Pruce,cpruce5t@newyorker.com,Male,191.208.245.233
211,Laetitia,Pettis,lpettis5u@soup.io,Female,32.128.183.91
212,Mandel,Honniebal,mhonniebal5v@dmoz.org,Female,81.173.162.160
213,Claudetta,Snoxall,csnoxall5w@chron.com,Female,150.1.202.177
214,Carlye,Brasted,cbrasted5x@myspace.com,Female,16.171.145.175
215,Letitia,Joinsey,ljoinsey5y@epa.gov,Male,221.61.93.105
216,Ansel,Cinderey,acinderey5z@ucsd.edu,Male,136.56.125.16
217,Hildy,Roe,hroe60@icq.com,Female,29.75.176.86
218,Sophi,Halson,shalson61@skype.com,Female,100.20.161.218
219,Malanie,Swinglehurst,mswinglehurst62@globo.com,Male,24.59.112.162
220,Neils,Dorman,ndorman63@nature.com,Male,189.83.223.30
221,Hynda,Haskett,hhaskett64@stumbleupon.com,Female,222.245.235.247
222,Angeli,Edmead,aedmead65@paypal.com,Male,86.101.226.10
223,Ingrim,Connop,iconnop66@studiopress.com,Polygender,199.44.25.3
224,Antonietta,Ludwell,aludwell67@simplemachines.org,Male,17.217.94.73
225,Dahlia,Toping,dtoping68@unc.edu,Male,137.62.169.69
226,Pierrette,Dollen,pdollen69@about.me,Female,64.91.139.48
227,Godfree,Albasiny,galbasiny6a@illinois.edu,Female,79.201.42.91
228,Wait,Tremaine,wtremaine6b@elpais.com,Male,105.183.13.175
229,Binni,Sappson,bsappson6c@fc2.com,Male,242.102.31.128
230,Blondie,Bosson,bbosson6d@wiley.com,Female,47.76.38.81
231,Angelico,Barczynski,abarczynski6e@dailymotion.com,Female,213.199.86.80
232,Jeanette,Withull,jwithull6f@miibeian.gov.cn,Female,171.48.145.160
233,Lora,Sturridge,lsturridge6g@msn.com,Female,232.217.166.34
234,Hiram,Timmes,htimmes6h@craigslist.org,Female,6.118.5.144
235,Waldon,Suermeier,wsuermeier6i@apple.com,Female,178.197.92.89
236,Kelly,Lauthian,klauthian6j@webmd.com,Female,57.62.249.172
237,Cordelia,Solan,csolan6k@gnu.org,Male,125.141.223.5
238,Wolfie,Prodrick,wprodrick6l@reddit.com,Female,24.42.209.184
239,Cordy,Schrei,cschrei6m@tripadvisor.com,Bigender,152.205.9.139
240,Emelita,Whooley,ewhooley6n@simplemachines.org,Male,84.185.230.31
241,Haslett,Ekins,hekins6o@bigcartel.com,Female,237.40.238.158
242,Feodora,Folkerd,ffolkerd6p@theatlantic.com,Male,161.12.175.13
243,Tomasine,Jozsef,tjozsef6q@skype.com,Female,33.202.168.134
244,Berny,Sabey,bsabey6r@rambler.ru,Female,22.126.138.51
245,Tammie,Fernan,tfernan6s@utexas.edu,Female,208.155.232.221
246,Mel,De Laci,mdelaci6t@1und1.de,Male,115.107.125.169
247,Samuel,Hooke,shooke6u@archive.org,Agender,161.136.112.31
248,Melli,Beveridge,mbeveridge6v@economist.com,Female,135.208.77.105
249,Earle,Umpleby,eumpleby6w@adobe.com,Female,236.231.25.251
250,Gottfried,Lownds,glownds6x@wisc.edu,Male,210.157.140.152
251,Pat,Parbrook,pparbrook6y@jalbum.net,Male,51.142.74.64
252,Bendix,Pevsner,bpevsner6z@wikia.com,Female,8.96.200.164
253,Bonnie,Reasce,breasce70@google.ca,Male,152.75.211.172
254,Allyn,Wickett,awickett71@loc.gov,Male,39.53.33.160
255,Melinde,Florez,mflorez72@blog.com,Female,69.172.16.58
256,Randy,Bullier,rbullier73@craigslist.org,Female,55.193.140.248
257,Deeanne,Stephenson,dstephenson74@goo.ne.jp,Female,174.168.93.216
258,Gibby,Divine,gdivine75@joomla.org,Male,218.1.39.71
259,Orly,Klimko,oklimko76@earthlink.net,Female,23.252.215.72
260,Nikki,Micklewright,nmicklewright77@businesswire.com,Male,26.67.120.152
261,Niki,Stickley,nstickley78@clickbank.net,Male,151.22.250.247
262,Silvia,Gallon,sgallon79@addtoany.com,Male,182.75.170.180
263,Marilin,Margerison,mmargerison7a@google.com.hk,Male,84.49.81.192
264,Kassey,Esslement,kesslement7b@admin.ch,Female,237.175.58.120
265,Cordula,Tomowicz,ctomowicz7c@naver.com,Female,173.173.14.59
266,Valentin,Savile,vsavile7d@webs.com,Agender,153.118.118.166
267,Augustine,Sutherby,asutherby7e@dagondesign.com,Female,183.73.128.246
268,Agathe,Rastrick,arastrick7f@amazon.co.uk,Male,206.220.251.24
269,Dolores,MacKnockiter,dmacknockiter7g@cargocollective.com,Female,198.199.200.78
270,Merwyn,Norval,mnorval7h@hubpages.com,Male,91.203.42.83
271,Vance,Hagstone,vhagstone7i@addtoany.com,Male,211.3.98.131
272,Leupold,Vasyatkin,lvasyatkin7j@latimes.com,Male,70.97.79.157
273,Diena,Scott,dscott7k@naver.com,Genderfluid,42.87.78.5
274,Grata,Jimes,gjimes7l@nbcnews.com,Female,186.208.63.163
275,Bridget,Tritten,btritten7m@diigo.com,Male,91.91.44.227
276,Markos,Beaty,mbeaty7n@posterous.com,Male,195.128.210.53
277,Mandi,Dainton,mdainton7o@accuweather.com,Female,40.61.22.225
278,Lavinia,Goodhand,lgoodhand7p@ycombinator.com,Male,65.218.99.190
279,Patti,Flanaghan,pflanaghan7q@pagesperso-orange.fr,Female,6.232.154.43
280,Odelia,Heinonen,oheinonen7r@usnews.com,Male,213.39.21.215
281,Mirabelle,Pethybridge,mpethybridge7s@wordpress.org,Male,193.71.222.107
282,Correy,Copins,ccopins7t@ucoz.com,Bigender,145.86.84.213
283,Kendall,Skule,kskule7u@desdev.cn,Agender,57.138.55.130
284,Carree,Sibbit,csibbit7v@bluehost.com,Female,154.100.235.99
285,Shina,Fussen,sfussen7w@seesaa.net,Male,128.6.224.87
286,Dermot,Suddick,dsuddick7x@earthlink.net,Male,3.215.45.67
287,Berrie,Meneghi,bmeneghi7y@baidu.com,Female,245.163.115.32
288,Tabb,Ebdin,tebdin7z@ucla.edu,Female,122.141.88.124
289,Julina,Rosser,jrosser80@g.co,Male,152.49.7.137
290,Bamby,Whetnell,bwhetnell81@blogtalkradio.com,Male,105.171.249.23
291,Lucine,Realff,lrealff82@seattletimes.com,Female,223.255.3.242
292,Abran,Rumke,arumke83@youku.com,Female,189.101.161.25
293,Pincas,Walsham,pwalsham84@storify.com,Male,225.144.16.49
294,Gwyn,Van den Hof,gvandenhof85@myspace.com,Male,63.161.81.250
295,Lorena,Wilderspoon,lwilderspoon86@so-net.ne.jp,Bigender,149.83.227.117
296,Alasteir,Verlinden,averlinden87@engadget.com,Male,155.188.176.243
297,Lucille,Allred,lallred88@ox.ac.uk,Male,149.153.236.2
298,Pierette,Walmsley,pwalmsley89@cocolog-nifty.com,Female,146.166.20.124
299,Lynne,Lawry,llawry8a@wikispaces.com,Female,32.166.128.42
300,Margie,Guerin,mguerin8b@tripadvisor.com,Female,121.5.100.105
301,Padraic,Weblin,pweblin8c@posterous.com,Male,235.227.139.168
302,Aurelia,Cousans,acousans8d@imageshack.us,Male,189.200.72.120
303,Frederich,Ruspine,fruspine8e@cbslocal.com,Non-binary,127.28.62.100
304,Rosanne,Aikin,raikin8f@ovh.net,Male,179.254.197.105
305,Adolpho,Base,abase8g@hostgator.com,Female,65.149.254.139
306,Liza,Turville,lturville8h@hibu.com,Male,104.250.34.236
307,Garrett,Bynert,gbynert8i@hhs.gov,Female,240.85.171.25
308,Reg,Vice,rvice8j@tripadvisor.com,Female,84.179.28.93
309,Sarette,Shimon,sshimon8k@yolasite.com,Male,2.81.60.107
310,Floria,Iashvili,fiashvili8l@weather.com,Female,174.48.66.17
311,Katherina,Beagen,kbeagen8m@twitpic.com,Male,133.211.218.139
312,Brande,Aleswell,baleswell8n@blogger.com,Polygender,245.157.245.117
313,Constantia,Osipenko,cosipenko8o@xrea.com,Female,210.214.127.8
314,Kylynn,O'Dwyer,kodwyer8p@hud.gov,Female,3.237.164.233
315,Brigitta,Morgan,bmorgan8q@imgur.com,Male,35.169.87.184
316,Nettie,Ungaretti,nungaretti8r@google.it,Female,167.19.156.140
317,Alf,Capps,acapps8s@ted.com,Male,24.164.89.243
318,Elroy,Oke,eoke8t@webnode.com,Male,112.184.108.15
319,Zach,Giffard,zgiffard8u@purevolume.com,Male,130.76.154.183
320,Koenraad,Richmond,krichmond8v@liveinternet.ru,Male,85.84.102.120
321,Issiah,Ostler,iostler8w@bing.com,Female,216.164.198.233
322,Wendell,Elks,welks8x@archive.org,Male,161.16.14.110
323,Gabbie,Dach,gdach8y@wikipedia.org,Female,79.67.74.104
324,Tersina,Maddy,tmaddy8z@chron.com,Female,46.179.104.174
325,Katya,Bywaters,kbywaters90@uiuc.edu,Non-binary,122.66.64.89
326,Karlotte,McGennis,kmcgennis91@theatlantic.com,Female,85.146.76.158
327,Khalil,Genicke,kgenicke92@eventbrite.com,Male,166.64.115.80
328,Jamima,Hares,jhares93@phpbb.com,Male,90.125.72.213
329,Deina,Brettel,dbrettel94@shareasale.com,Male,49.160.238.175
330,Cull,Andrysiak,candrysiak95@weebly.com,Male,202.26.209.93
331,Celisse,Schohier,cschohier96@berkeley.edu,Female,231.144.118.196
332,Lynea,Woolfall,lwoolfall97@google.co.jp,Male,167.215.75.172
333,Royce,Hlavecek,rhlavecek98@ibm.com,Male,150.25.76.204
334,Lissy,Rillstone,lrillstone99@wix.com,Female,114.189.7.133
335,Adriena,Rhodef,arhodef9a@diigo.com,Male,251.192.239.146
336,Karlens,Iacovozzo,kiacovozzo9b@amazon.de,Female,255.135.202.59
337,Priscella,Timcke,ptimcke9c@umich.edu,Female,156.203.126.127
338,Leupold,Giraudou,lgiraudou9d@toplist.cz,Male,222.16.106.175
339,Myrtia,Bradshaw,mbradshaw9e@xing.com,Female,47.54.17.66
340,Benny,MacRanald,bmacranald9f@who.int,Male,185.193.52.26
341,Charity,Besnard,cbesnard9g@harvard.edu,Female,112.188.220.249
342,Lucien,Filewood,lfilewood9h@unesco.org,Female,2.80.162.47
343,Drusi,Pillans,dpillans9i@bizjournals.com,Female,13.95.6.172
344,Christiana,Renackowna,crenackowna9j@domainmarket.com,Female,131.206.20.81
345,Gothart,Trosdall,gtrosdall9k@tripadvisor.com,Male,110.191.173.11
346,Pammi,Lloyds,plloyds9l@uol.com.br,Female,9.84.140.202
347,Dennison,Gingold,dgingold9m@blogger.com,Male,1.245.192.185
348,Jenna,Dienes,jdienes9n@i2i.jp,Female,114.172.155.31
349,Fidela,Banisch,fbanisch9o@livejournal.com,Female,190.48.89.114
350,Hilda,Oliveti,holiveti9p@unc.edu,Male,240.194.49.80
351,Ransom,Ulyat,rulyat9q@oracle.com,Bigender,166.221.220.205
352,Francklyn,Cornils,fcornils9r@e-recht24.de,Male,200.199.164.140
353,Abram,Gleeton,agleeton9s@ocn.ne.jp,Female,252.84.104.95
354,Thedrick,Saltsberg,tsaltsberg9t@themeforest.net,Female,120.46.95.245
355,Ros,Braunthal,rbraunthal9u@digg.com,Female,120.165.221.34
356,Hanny,Raycroft,hraycroft9v@blogtalkradio.com,Female,96.102.93.95
357,Sophi,Overal,soveral9w@nifty.com,Male,124.39.17.130
358,Sher,Thurston,sthurston9x@jiathis.com,Female,134.123.118.119
359,Cobb,Hrinchishin,chrinchishin9y@hhs.gov,Male,176.7.45.243
360,Vinnie,Brehault,vbrehault9z@eepurl.com,Genderfluid,135.215.234.13
361,Cathryn,Turone,cturonea0@newyorker.com,Female,92.227.62.69
362,Terry,Raimbauld,traimbaulda1@redcross.org,Female,237.11.195.149
363,Natividad,Camel,ncamela2@state.tx.us,Male,55.206.102.54
364,Farlay,Barcke,fbarckea3@wufoo.com,Female,141.121.161.193
365,Portia,Barraclough,pbarraclougha4@unblog.fr,Genderfluid,10.246.235.131
366,Aurea,Cominello,acominelloa5@bbc.co.uk,Female,65.119.191.59
367,Chiquita,Malarkey,cmalarkeya6@google.es,Female,205.143.242.157
368,Alfy,Baigent,abaigenta7@t.co,Female,167.37.82.19
369,Thomasina,McIlwrick,tmcilwricka8@infoseek.co.jp,Male,11.82.114.122
370,Chelsea,Elphey,celpheya9@chron.com,Male,127.96.131.142
371,Arielle,Mitrikhin,amitrikhinaa@uiuc.edu,Male,51.67.56.151
372,Leola,Jobbins,ljobbinsab@4shared.com,Male,157.222.210.67
373,Fonsie,Pierrepoint,fpierrepointac@constantcontact.com,Male,60.214.199.161
374,Elianore,Bly,eblyad@webmd.com,Female,134.55.111.47
375,Field,Netherclift,fnethercliftae@tripadvisor.com,Female,114.249.188.128
376,Whitney,Branchflower,wbranchfloweraf@narod.ru,Female,198.181.200.217
377,Ephrem,Lorking,elorkingag@cornell.edu,Female,71.249.192.234
378,Sherlock,Earwaker,searwakerah@admin.ch,Male,122.48.221.219
379,Enrica,Muslim,emuslimai@technorati.com,Female,111.172.52.78
380,Fifi,Lathwell,flathwellaj@issuu.com,Male,105.28.70.214
381,Tamas,Niave,tniaveak@google.com.au,Male,135.100.89.252
382,Tally,Fontanet,tfontanetal@people.com.cn,Non-binary,210.216.70.185
383,Wilmar,Hawket,whawketam@google.es,Female,105.225.20.178
384,Ofella,Thayre,othayrean@last.fm,Female,74.210.217.64
385,Glynnis,McDill,gmcdillao@cnbc.com,Male,0.157.215.120
386,Davy,Everil,deverilap@aboutads.info,Female,126.255.196.144
387,Giacopo,Manneville,gmannevilleaq@aol.com,Female,165.29.49.153
388,Nealon,Spriggin,nsprigginar@ning.com,Female,76.194.158.195
389,Elsie,Bawle,ebawleas@51.la,Male,70.127.214.76
390,Catlin,Dornin,cdorninat@delicious.com,Genderqueer,179.117.167.27
391,Erika,Matejic,ematejicau@bloglovin.com,Male,34.252.221.34
392,Bibbie,Amiranda,bamirandaav@yale.edu,Female,144.140.202.21
393,Demetris,Skippon,dskipponaw@senate.gov,Male,20.212.148.116
394,Malcolm,Brockway,mbrockwayax@omniture.com,Female,57.16.115.237
395,Nefen,Dederich,ndederichay@wikipedia.org,Male,83.240.253.188
396,Venus,Jimmes,vjimmesaz@uiuc.edu,Female,39.179.83.145
397,Roderick,Townley,rtownleyb0@house.gov,Male,56.207.141.226
398,Glenden,Teaser,gteaserb1@goodreads.com,Male,109.75.14.19
399,Kalle,Bosanko,kbosankob2@toplist.cz,Male,6.17.129.202
400,Claire,Tall,ctallb3@home.pl,Male,248.143.1.130
401,Lucias,de Clerk,ldeclerkb4@ftc.gov,Female,203.146.117.118
402,Tabby,Dundredge,tdundredgeb5@tamu.edu,Female,134.60.23.218
403,Tamarah,Charette,tcharetteb6@sfgate.com,Male,238.145.36.131
404,Padget,Timblett,ptimblettb7@meetup.com,Female,106.91.240.141
405,Henryetta,Stork,hstorkb8@google.com,Male,240.180.115.85
406,Ariana,Dombrell,adombrellb9@whitehouse.gov,Female,250.17.39.254
407,Starlin,Bartoleyn,sbartoleynba@canalblog.com,Female,163.200.48.241
408,Maribeth,Martina,mmartinabb@bing.com,Female,41.21.10.203
409,Thaddus,Hilling,thillingbc@wp.com,Polygender,155.42.150.160
410,Sim,Frankiewicz,sfrankiewiczbd@tamu.edu,Female,80.77.29.70
411,Ruddie,Canario,rcanariobe@go.com,Male,112.170.125.146
412,Val,Onions,vonionsbf@desdev.cn,Female,0.154.123.186
413,Olimpia,Larose,olarosebg@latimes.com,Bigender,61.5.79.217
414,Elwin,Chessum,echessumbh@seesaa.net,Female,44.120.23.231
415,Belle,Coy,bcoybi@yahoo.com,Male,221.223.82.243
416,Georgianne,Budgey,gbudgeybj@discovery.com,Genderqueer,148.121.67.27
417,Ravid,Hayhow,rhayhowbk@free.fr,Female,233.32.39.2
418,Bibbye,Keitley,bkeitleybl@archive.org,Female,119.9.160.232
419,Syman,Gorioli,sgoriolibm@fema.gov,Female,140.204.234.85
420,Adham,Thirkettle,athirkettlebn@google.ru,Male,1.14.51.227
421,Rosalind,Keelan,rkeelanbo@posterous.com,Female,208.71.96.238
422,Cass,Meharg,cmehargbp@senate.gov,Polygender,177.68.159.114
423,Gabbie,Gledstane,ggledstanebq@mlb.com,Non-binary,173.96.0.129
424,Kenny,Knutton,kknuttonbr@blogspot.com,Female,202.125.182.190
425,Alvinia,Goodison,agoodisonbs@nationalgeographic.com,Female,87.36.254.44
426,Truda,Surman,tsurmanbt@ifeng.com,Male,157.79.123.245
427,Twyla,Krauze,tkrauzebu@surveymonkey.com,Male,142.116.91.128
428,Yoshiko,Sleith,ysleithbv@bbc.co.uk,Female,153.45.121.176
429,Jillana,Moret,jmoretbw@macromedia.com,Female,27.17.223.123
430,Allan,Mathias,amathiasbx@wikia.com,Male,10.221.48.232
431,Sonja,Szymanowski,sszymanowskiby@dmoz.org,Male,145.207.173.137
432,Chris,Peverell,cpeverellbz@about.me,Male,188.241.135.157
433,Torrey,Lippiatt,tlippiattc0@bigcartel.com,Female,1.32.72.76
434,Imogen,Caton,icatonc1@ed.gov,Female,23.229.156.132
435,Prince,De Lasci,pdelascic2@typepad.com,Female,172.232.205.74
436,Linn,Tupie,ltupiec3@sbwire.com,Female,137.197.85.3
437,Darla,Pateman,dpatemanc4@goo.ne.jp,Male,202.61.1.194
438,Edward,Morit,emoritc5@i2i.jp,Male,185.8.5.21
439,Nancee,Hiers,nhiersc6@friendfeed.com,Female,88.151.129.70
440,Rutherford,Spearing,rspearingc7@marriott.com,Male,39.191.200.164
441,Roseanna,Abramchik,rabramchikc8@seesaa.net,Male,142.69.126.122
442,Wye,Nesby,wnesbyc9@msn.com,Female,254.184.2.22
443,Genni,Walmsley,gwalmsleyca@desdev.cn,Male,16.34.98.173
444,Emmi,Threadgall,ethreadgallcb@dot.gov,Female,30.83.6.83
445,Renard,Pigny,rpignycc@tiny.cc,Male,97.33.99.151
446,Sherm,Maxwell,smaxwellcd@google.com,Male,9.4.155.226
447,Clerkclaude,Gabriel,cgabrielce@dedecms.com,Male,79.178.143.94
448,Paten,Micheu,pmicheucf@seesaa.net,Female,187.33.174.135
449,Sibella,Szreter,sszretercg@cdc.gov,Female,186.153.79.202
450,Cara,Winn,cwinnch@imdb.com,Male,42.115.19.65
451,Evy,Dentith,edentithci@ocn.ne.jp,Female,11.55.22.46
452,Marybeth,Kerrey,mkerreycj@technorati.com,Male,122.103.11.36
453,Mickie,Ruffler,mrufflerck@bluehost.com,Male,250.156.247.249
454,Yetty,Wickwar,ywickwarcl@usnews.com,Male,98.206.0.141
455,Chadwick,Casari,ccasaricm@opensource.org,Male,207.97.227.161
456,Art,Gosnay,agosnaycn@blog.com,Female,70.244.118.210
457,Vanya,Perks,vperksco@people.com.cn,Male,77.211.193.98
458,Ketti,Kemery,kkemerycp@adobe.com,Male,160.129.252.191
459,Roxane,Dovington,rdovingtoncq@domainmarket.com,Male,108.235.83.7
460,Jamil,Shelmerdine,jshelmerdinecr@wsj.com,Male,158.73.116.52
461,Base,Stuffins,bstuffinscs@altervista.org,Genderfluid,83.226.225.227
462,Joanie,Fillan,jfillanct@wikipedia.org,Male,41.219.100.154
463,Filmer,Kilshall,fkilshallcu@diigo.com,Female,230.250.49.230
464,Ted,Millin,tmillincv@sourceforge.net,Male,206.105.177.168
465,Mariquilla,Corneljes,mcorneljescw@cafepress.com,Non-binary,80.153.35.193
466,Debbie,Stickings,dstickingscx@usgs.gov,Male,7.60.108.137
467,Dorena,Gronav,dgronavcy@weather.com,Genderfluid,106.92.137.254
468,Giulio,Scollan,gscollancz@digg.com,Female,158.231.215.109
469,Serene,Esposito,sespositod0@omniture.com,Male,181.66.132.0
470,Eveline,Vaune,evauned1@upenn.edu,Male,57.159.250.87
471,Pippy,Waterland,pwaterlandd2@cloudflare.com,Male,180.164.84.68
472,Georgi,Gandar,ggandard3@latimes.com,Female,190.107.141.18
473,Corey,Figliovanni,cfigliovannid4@unesco.org,Male,163.248.175.103
474,Hadlee,Doale,hdoaled5@yolasite.com,Genderqueer,139.241.49.34
475,Willdon,Capes,wcapesd6@ocn.ne.jp,Male,255.237.75.112
476,Emmalynn,Kitchinham,ekitchinhamd7@cbslocal.com,Male,50.124.157.107
477,Mala,Van Velden,mvanveldend8@amazonaws.com,Female,67.140.91.160
478,Joli,Ert,jertd9@umich.edu,Male,146.249.164.70
479,Flss,Squibe,fsquibeda@opensource.org,Female,189.193.116.19
480,Donn,Ozelton,dozeltondb@themeforest.net,Female,139.245.17.192
481,Matthias,Reaman,mreamandc@cam.ac.uk,Male,161.216.178.114
482,Ingamar,Ruppert,iruppertdd@yahoo.co.jp,Female,225.244.35.196
483,Duane,Dumingos,ddumingosde@flavors.me,Male,154.74.193.156
484,Quentin,Delea,qdeleadf@scientificamerican.com,Bigender,220.213.36.234
485,Brett,Danilovitch,bdanilovitchdg@nature.com,Male,19.50.122.169
486,Sarge,Argabrite,sargabritedh@ucoz.com,Female,181.136.29.238
487,Harcourt,Robertis,hrobertisdi@macromedia.com,Male,148.195.183.228
488,Anderson,MacLachlan,amaclachlandj@bloomberg.com,Male,249.179.86.215
489,Enos,Hazeltine,ehazeltinedk@networksolutions.com,Female,107.119.50.40
490,Amara,Crowden,acrowdendl@cornell.edu,Female,89.242.210.236
491,Brigham,De Courtney,bdecourtneydm@amazon.de,Female,104.10.77.23
492,Wayland,Billing,wbillingdn@fema.gov,Female,146.80.229.239
493,Clevey,Dalby,cdalbydo@prnewswire.com,Male,46.218.79.163
494,Leonora,Longmaid,llongmaiddp@networkadvertising.org,Male,247.100.244.113
495,Leonardo,Hinstock,lhinstockdq@marriott.com,Male,249.4.16.204
496,Adora,Birrane,abirranedr@shareasale.com,Male,224.103.51.63
497,Doro,Pappin,dpappinds@pagesperso-orange.fr,Female,102.228.102.240
498,Willow,Corbin,wcorbindt@alibaba.com,Male,236.56.41.103
499,Aldin,Davenell,adavenelldu@reuters.com,Female,81.253.97.252
500,Claire,Ragsdale,cragsdaledv@ucoz.ru,Male,178.11.10.115
501,Ricardo,Pickering,rpickeringdw@e-recht24.de,Female,84.74.29.43
502,Joletta,Pestell,jpestelldx@state.tx.us,Female,129.140.75.35
503,Daphna,Lum,dlumdy@ucsd.edu,Female,195.245.83.210
504,Allx,Doxey,adoxeydz@technorati.com,Female,240.52.7.32
505,Nina,Wildsmith,nwildsmithe0@uiuc.edu,Male,108.143.163.132
506,Cornelle,Godlip,cgodlipe1@infoseek.co.jp,Male,21.21.75.234
507,Amalea,Ridgedell,aridgedelle2@devhub.com,Female,186.152.180.209
508,Amye,Winkworth,awinkworthe3@virginia.edu,Female,62.24.10.82
509,Nikki,Boobyer,nboobyere4@addthis.com,Male,31.57.115.98
510,Jessamine,Elsay,jelsaye5@geocities.com,Female,136.139.137.125
511,Abeu,Streeter,astreetere6@drupal.org,Female,88.149.6.131
512,Anabel,Thomtson,athomtsone7@cocolog-nifty.com,Female,194.79.169.246
513,Scot,Gradon,sgradone8@theguardian.com,Female,133.100.156.59
514,Claudetta,Aitcheson,caitchesone9@yellowpages.com,Female,237.49.55.62
515,Aggie,Lingner,alingnerea@tmall.com,Female,132.111.32.249
516,Yolande,Manford,ymanfordeb@house.gov,Female,89.227.168.205
517,Breanne,Falkingham,bfalkinghamec@fda.gov,Female,62.132.29.88
518,Marcie,Pietersma,mpietersmaed@cbsnews.com,Female,213.206.81.211
519,Cly,Ludye,cludyeee@youku.com,Male,14.103.159.62
520,Erina,Mayler,emayleref@networksolutions.com,Male,128.43.247.52
521,Nydia,Langlais,nlanglaiseg@last.fm,Female,206.127.104.227
522,Marylou,Primrose,mprimroseeh@icio.us,Male,53.180.79.88
523,Allard,Argente,aargenteei@columbia.edu,Genderfluid,156.165.128.127
524,Man,Cawston,mcawstonej@msn.com,Female,91.148.133.107
525,Myrna,Hof,mhofek@loc.gov,Female,39.156.187.252
526,Clayborn,Petriello,cpetrielloel@opensource.org,Female,165.82.34.145
527,Brittney,Briton,bbritonem@redcross.org,Female,37.95.10.162
528,Eleanora,Kobierra,ekobierraen@pagesperso-orange.fr,Female,39.87.126.242
529,Sadye,Jancy,sjancyeo@nhs.uk,Female,251.101.219.58
530,Shelton,Hiland,shilandep@wsj.com,Female,215.204.0.136
531,Rayna,Reckus,rreckuseq@about.me,Non-binary,29.255.122.54
532,Tricia,Chuter,tchuterer@reverbnation.com,Female,78.61.126.215
533,George,Featley,gfeatleyes@ustream.tv,Bigender,185.189.67.119
534,Gay,Rankling,granklinget@bizjournals.com,Female,79.171.113.23
535,Binnie,Staff,bstaffeu@cmu.edu,Female,181.127.215.203
536,Daron,Levet,dlevetev@friendfeed.com,Male,173.180.217.189
537,Simone,Uman,sumanew@forbes.com,Male,68.34.206.109
538,Mose,Blaise,mblaiseex@soundcloud.com,Female,124.119.87.154
539,Courtnay,Gerwood,cgerwoodey@shinystat.com,Male,147.127.47.249
540,Hebert,Sargent,hsargentez@printfriendly.com,Bigender,137.108.104.169
541,Chaddie,Snooks,csnooksf0@e-recht24.de,Non-binary,85.71.146.186
542,Dolli,Doey,ddoeyf1@lycos.com,Female,20.255.24.43
543,Fairfax,Lorrimer,florrimerf2@eepurl.com,Male,209.93.243.62
544,Alayne,Eidler,aeidlerf3@msu.edu,Female,162.32.35.229
545,Louie,Kingsley,lkingsleyf4@wix.com,Male,80.148.18.205
546,Timothea,Stilling,tstillingf5@wsj.com,Male,65.207.137.143
547,Terencio,Eaglestone,teaglestonef6@ycombinator.com,Male,89.122.120.243
548,Joye,Yurasov,jyurasovf7@ocn.ne.jp,Male,41.171.128.20
549,Erwin,Adamczewski,eadamczewskif8@theglobeandmail.com,Female,187.109.180.98
550,Reagen,Whyborne,rwhybornef9@mapy.cz,Female,150.93.28.196
551,Reuben,Lydiate,rlydiatefa@nps.gov,Female,245.43.21.79
552,Jazmin,Josskovitz,jjosskovitzfb@nifty.com,Female,187.57.23.176
553,Alisha,Northcott,anorthcottfc@google.nl,Female,213.76.38.210
554,Adiana,Dickons,adickonsfd@seesaa.net,Male,88.61.2.145
555,Derward,Heaviside,dheavisidefe@tamu.edu,Female,9.210.253.238
556,Margarethe,Juckes,mjuckesff@who.int,Female,113.171.41.171
557,Pinchas,Allred,pallredfg@addthis.com,Genderfluid,161.132.128.91
558,Agretha,MacKartan,amackartanfh@paginegialle.it,Male,114.194.143.148
559,Ira,Wilden,iwildenfi@gizmodo.com,Female,137.58.222.140
560,Jessee,Snarie,jsnariefj@live.com,Female,220.11.228.172
561,Jerry,Castillon,jcastillonfk@yandex.ru,Male,27.76.222.130
562,Rycca,Brussell,rbrussellfl@twitter.com,Male,19.51.124.91
563,Pren,Sapshed,psapshedfm@bing.com,Female,48.172.253.172
564,Carolee,Tackell,ctackellfn@loc.gov,Male,233.103.119.212
565,Jodi,Tetley,jtetleyfo@ebay.co.uk,Female,94.249.28.246
566,Lavinia,Naile,lnailefp@state.gov,Male,218.29.135.215
567,Kassie,Boost,kboostfq@nymag.com,Female,227.171.22.18
568,Levy,Phripp,lphrippfr@dedecms.com,Male,141.99.173.112
569,Vivienne,Vernalls,vvernallsfs@fda.gov,Male,133.114.21.250
570,Lizzy,Mamwell,lmamwellft@miitbeian.gov.cn,Female,217.52.87.36
571,Ange,Fogden,afogdenfu@imdb.com,Male,24.176.11.152
572,Charleen,Raeside,craesidefv@dailymotion.com,Female,94.15.43.221
573,Annalise,Bonhill,abonhillfw@live.com,Female,229.92.226.225
574,Dollie,Scarisbrick,dscarisbrickfx@china.com.cn,Polygender,111.232.6.93
575,Evania,Mattinson,emattinsonfy@odnoklassniki.ru,Genderfluid,227.178.236.242
576,Barnie,Bachs,bbachsfz@vimeo.com,Female,226.22.102.150
577,Fabien,Thredder,fthredderg0@yellowpages.com,Male,13.132.14.195
578,Gibbie,Chell,gchellg1@youtu.be,Female,71.158.74.211
579,Korie,Keaveney,kkeaveneyg2@opera.com,Female,167.217.84.36
580,Paolo,Roseman,prosemang3@chicagotribune.com,Male,236.105.99.123
581,Meghann,Colbeck,mcolbeckg4@ox.ac.uk,Female,70.212.46.90
582,Roderich,Spivey,rspiveyg5@exblog.jp,Female,95.155.165.75
583,Analiese,Garrood,agarroodg6@intel.com,Male,169.119.164.21
584,Filmer,O'Shiel,foshielg7@chronoengine.com,Male,44.20.107.142
585,Clement,Skoyles,cskoylesg8@chronoengine.com,Male,186.55.174.24
586,Darius,Warland,dwarlandg9@walmart.com,Male,7.20.40.132
587,Mil,Viall,mviallga@geocities.com,Bigender,176.109.173.97
588,Roma,Hatherley,rhatherleygb@sitemeter.com,Male,125.17.101.90
589,Hugues,Stockport,hstockportgc@mapy.cz,Male,117.0.179.210
590,Eadith,Crippill,ecrippillgd@yellowpages.com,Female,125.150.216.114
591,Lydia,McBeath,lmcbeathge@qq.com,Female,154.213.152.178
592,Conan,Mattheus,cmattheusgf@wikimedia.org,Male,174.97.176.73
593,Edsel,Kadwallider,ekadwallidergg@so-net.ne.jp,Male,78.172.53.4
594,Leona,Briston,lbristongh@reuters.com,Male,68.214.186.116
595,Skipper,Roch,srochgi@t.co,Male,181.249.212.111
596,Hugh,Pedgrift,hpedgriftgj@webeden.co.uk,Female,41.94.70.99
597,Lanna,Casajuana,lcasajuanagk@hud.gov,Male,29.155.151.66
598,Alayne,Tort,atortgl@pagesperso-orange.fr,Bigender,57.70.147.53
599,Lucien,Bumford,lbumfordgm@macromedia.com,Female,196.249.74.119
600,Steffane,Capel,scapelgn@walmart.com,Male,118.222.171.29
601,Jacinda,Schimon,jschimongo@patch.com,Genderqueer,4.215.222.113
602,Filmer,Turrell,fturrellgp@senate.gov,Female,19.228.208.76
603,Enrica,Petkens,epetkensgq@usda.gov,Male,73.159.81.37
604,Elsinore,Witter,ewittergr@guardian.co.uk,Female,28.119.30.183
605,Wheeler,Zupone,wzuponegs@state.tx.us,Male,102.16.111.66
606,Ketti,Loveday,klovedaygt@oaic.gov.au,Agender,8.110.141.5
607,Cherin,D'Emanuele,cdemanuelegu@github.io,Male,51.86.65.5
608,Mandi,Gowen,mgowengv@dailymotion.com,Male,12.71.172.52
609,Mommy,Gent,mgentgw@japanpost.jp,Male,178.23.82.146
610,Kit,Curro,kcurrogx@dedecms.com,Bigender,126.182.53.103
611,Hunter,McKee,hmckeegy@ameblo.jp,Male,185.151.158.148
612,Loralyn,Cromer,lcromergz@engadget.com,Female,75.148.59.153
613,Feodor,Brotherton,fbrothertonh0@g.co,Female,209.0.30.76
614,Katerina,Matveiko,kmatveikoh1@digg.com,Male,156.174.24.152
615,Leroy,Mallabund,lmallabundh2@tinypic.com,Female,152.177.7.196
616,Cullie,Sam,csamh3@biglobe.ne.jp,Male,61.167.41.216
617,Barret,Pethick,bpethickh4@yahoo.com,Male,159.167.127.121
618,Abrahan,Buard,abuardh5@fastcompany.com,Male,166.142.25.219
619,Lira,O'Regan,loreganh6@unicef.org,Female,89.97.236.146
620,Hephzibah,Carvilla,hcarvillah7@sourceforge.net,Agender,133.20.78.213
621,Natalee,Gosnold,ngosnoldh8@sina.com.cn,Female,159.4.83.67
622,Chery,Peracco,cperaccoh9@statcounter.com,Female,101.192.217.135
623,Julissa,Josephov,jjosephovha@cpanel.net,Male,66.63.11.27
624,Mona,Cudbertson,mcudbertsonhb@com.com,Non-binary,97.155.101.35
625,Aretha,Grieg,agrieghc@reference.com,Female,152.155.32.253
626,Ellen,Beardow,ebeardowhd@eventbrite.com,Male,131.120.25.46
627,Ingunna,Cassar,icassarhe@yelp.com,Male,23.92.33.9
628,Cedric,Feldhammer,cfeldhammerhf@printfriendly.com,Male,10.163.83.51
629,Karel,Lampaert,klampaerthg@jiathis.com,Female,76.119.136.18
630,Cortney,Middlemass,cmiddlemasshh@nifty.com,Bigender,168.157.204.151
631,Letisha,Langley,llangleyhi@europa.eu,Male,161.236.33.184
632,Averill,Fulle,afullehj@hatena.ne.jp,Male,244.3.37.94
633,Doro,Childs,dchildshk@sina.com.cn,Female,199.194.249.104
634,Randi,Gribble,rgribblehl@amazonaws.com,Female,184.84.155.131
635,Audry,Dalgety,adalgetyhm@livejournal.com,Male,35.218.175.225
636,Shanon,Milkin,smilkinhn@huffingtonpost.com,Male,159.12.207.24
637,Grethel,Klais,gklaisho@yellowbook.com,Male,193.219.160.170
638,Rubina,Yurchishin,ryurchishinhp@tinypic.com,Female,204.196.252.134
639,Artemas,Wonfor,awonforhq@blogs.com,Female,199.115.245.98
640,Guthry,Tenbrug,gtenbrughr@vinaora.com,Male,47.225.137.186
641,Elsey,Rops,eropshs@wiley.com,Female,41.124.23.154
642,Rachael,Wagner,rwagnerht@weibo.com,Male,192.237.102.139
643,Alyda,Castenda,acastendahu@nationalgeographic.com,Female,0.205.61.211
644,Dicky,Innerstone,dinnerstonehv@hc360.com,Genderfluid,66.176.9.226
645,Tamara,Gadsby,tgadsbyhw@umich.edu,Female,242.51.190.29
646,Vilma,Trowsdale,vtrowsdalehx@google.pl,Female,81.4.220.102
647,Kaila,Howett,khowetthy@netscape.com,Female,253.158.245.56
648,Walliw,Jamme,wjammehz@newyorker.com,Male,219.33.84.74
649,Berget,Cleary,bclearyi0@posterous.com,Genderfluid,211.88.150.87
650,Dru,Knightley,dknightleyi1@livejournal.com,Agender,92.66.118.50
651,Leeland,Emerton,lemertoni2@springer.com,Male,28.54.45.121
652,Pauly,Wegener,pwegeneri3@engadget.com,Male,149.248.143.220
653,Virgilio,Lightbourn,vlightbourni4@mac.com,Female,181.211.104.107
654,Meghan,Minghetti,mminghettii5@imageshack.us,Female,140.139.62.194
655,Nikolos,Davioud,ndavioudi6@netvibes.com,Female,30.15.78.155
656,Dugald,Orgill,dorgilli7@flickr.com,Male,209.207.232.105
657,Ardine,Ship,ashipi8@globo.com,Male,159.220.171.62
658,Doe,Lennard,dlennardi9@geocities.jp,Female,86.215.127.22
659,Konrad,Tampen,ktampenia@amazon.co.uk,Female,223.38.158.176
660,Paulie,Thomasen,pthomasenib@fotki.com,Female,205.68.71.6
661,Amara,Dorning,adorningic@jalbum.net,Male,46.31.143.169
662,Spense,Fahrenbach,sfahrenbachid@g.co,Male,74.200.102.157
663,Mureil,Heditch,mheditchie@rambler.ru,Male,47.5.122.153
664,Dukey,Baume,dbaumeif@purevolume.com,Female,237.31.52.154
665,Melesa,Rainger,mraingerig@ftc.gov,Male,247.218.88.209
666,Vlad,Pounds,vpoundsih@hugedomains.com,Male,165.20.28.99
667,Melosa,Becaris,mbecarisii@google.co.jp,Female,72.13.220.156
668,Broddy,Jepperson,bjeppersonij@shop-pro.jp,Female,4.213.112.215
669,Law,Burnie,lburnieik@imdb.com,Agender,78.170.152.199
670,Rania,Stoodley,rstoodleyil@unc.edu,Male,121.182.24.102
671,Valaree,Doull,vdoullim@senate.gov,Female,107.216.115.239
672,Maury,Wimmers,mwimmersin@aboutads.info,Male,72.154.162.96
673,Donovan,Frankling,dfranklingio@hud.gov,Female,51.31.209.152
674,Glennis,Rubega,grubegaip@jalbum.net,Female,175.119.158.61
675,Blaine,Freund,bfreundiq@sina.com.cn,Female,219.202.186.102
676,Pembroke,Gligoraci,pgligoraciir@wisc.edu,Male,92.81.57.158
677,Carolynn,Woodrooffe,cwoodrooffeis@last.fm,Male,8.134.241.148
678,Gerti,Dellenbroker,gdellenbrokerit@java.com,Female,64.227.92.120
679,Jobi,Davidoff,jdavidoffiu@umich.edu,Agender,233.56.196.37
680,Debora,Gaymer,dgaymeriv@yahoo.co.jp,Male,199.180.251.107
681,Washington,Kennet,wkennetiw@blog.com,Male,29.14.152.4
682,Lea,Bebb,lbebbix@dot.gov,Male,202.107.195.2
683,Field,Bursnoll,fbursnolliy@artisteer.com,Male,198.44.236.113
684,Letisha,Buddell,lbuddelliz@cafepress.com,Female,188.149.80.81
685,Justus,Davidovich,jdavidovichj0@vk.com,Female,115.123.177.12
686,Aryn,McWhin,amcwhinj1@theguardian.com,Male,7.81.174.42
687,Min,Dulwich,mdulwichj2@ebay.co.uk,Female,1.195.20.70
688,Brinna,Domegan,bdomeganj3@instagram.com,Female,9.14.114.185
689,Tedd,Hutchence,thutchencej4@sogou.com,Female,23.90.115.48
690,Bernadine,Stirland,bstirlandj5@jiathis.com,Male,201.6.99.245
691,Garreth,Mcwhinnie,gmcwhinniej6@privacy.gov.au,Male,246.46.184.35
692,Pieter,Fritz,pfritzj7@alexa.com,Female,243.115.43.61
693,Inger,Ripley,iripleyj8@imgur.com,Female,35.183.198.64
694,Morris,Crudgington,mcrudgingtonj9@quantcast.com,Male,14.73.64.199
695,Cynde,McOmish,cmcomishja@devhub.com,Female,219.111.125.209
696,Gena,Thistleton,gthistletonjb@webnode.com,Female,67.62.187.39
697,Killy,McAllester,kmcallesterjc@google.pl,Male,177.233.40.171
698,Monique,Ripper,mripperjd@opensource.org,Male,112.177.149.187
699,Frazer,Eastope,feastopeje@wordpress.org,Female,13.143.97.13
700,Jaclyn,Feye,jfeyejf@miitbeian.gov.cn,Male,90.13.23.212
701,Turner,De Vuyst,tdevuystjg@stanford.edu,Male,224.238.37.13
702,Bennie,Croyser,bcroyserjh@etsy.com,Male,135.159.109.77
703,Alexandros,Call,acallji@patch.com,Female,108.230.195.126
704,Darcy,Stenhouse,dstenhousejj@php.net,Female,127.205.121.70
705,Todd,Sickert,tsickertjk@feedburner.com,Genderqueer,213.36.2.109
706,Liane,Glencross,lglencrossjl@tamu.edu,Genderfluid,172.10.211.4
707,Lindsay,Beagles,lbeaglesjm@google.pl,Female,33.116.211.28
708,Julian,Weems,jweemsjn@slate.com,Male,186.70.80.127
709,Freida,Lauret,flauretjo@cam.ac.uk,Female,127.51.11.50
710,Clayborn,Kimblin,ckimblinjp@mtv.com,Male,212.22.250.17
711,Tamqrah,Drewet,tdrewetjq@edublogs.org,Male,30.232.123.131
712,Bekki,Hafner,bhafnerjr@friendfeed.com,Female,110.107.152.107
713,Yevette,Jales,yjalesjs@businesswire.com,Male,252.74.150.113
714,Cherianne,Blint,cblintjt@hexun.com,Polygender,60.155.184.51
715,Jodie,Yukhtin,jyukhtinju@narod.ru,Male,241.183.10.180
716,Mariel,Philipps,mphilippsjv@berkeley.edu,Male,28.216.55.57
717,Turner,Peplay,tpeplayjw@hc360.com,Female,70.165.25.66
718,Patsy,Isac,pisacjx@redcross.org,Genderfluid,124.140.85.199
719,Minnie,Syme,msymejy@constantcontact.com,Female,219.252.0.130
720,Milo,Harvison,mharvisonjz@pbs.org,Male,22.253.136.195
721,Kelci,Dufall,kdufallk0@rediff.com,Female,228.147.5.62
722,Orlan,Ballinghall,oballinghallk1@wikispaces.com,Female,227.110.57.234
723,Charmane,Glaisner,cglaisnerk2@biglobe.ne.jp,Female,143.155.220.78
724,Sharai,Blease,sbleasek3@netlog.com,Female,53.153.49.219
725,Timothea,Barnard,tbarnardk4@ted.com,Male,35.187.2.54
726,Adrianne,Goodwin,agoodwink5@amazon.co.jp,Female,12.231.118.114
727,Lynnea,Kidsley,lkidsleyk6@ustream.tv,Non-binary,247.173.39.176
728,Jedidiah,Scotts,jscottsk7@biglobe.ne.jp,Male,253.222.113.84
729,Ariel,Venton,aventonk8@jigsy.com,Male,130.228.11.29
730,Hyatt,Navarro,hnavarrok9@mac.com,Female,186.183.88.58
731,Nolana,Raiker,nraikerka@msu.edu,Female,55.202.58.171
732,Micheil,Vaskov,mvaskovkb@stanford.edu,Male,2.93.30.239
733,Roxi,Hubback,rhubbackkc@diigo.com,Male,83.220.193.170
734,Adam,Northcote,anorthcotekd@sina.com.cn,Male,120.176.60.22
735,Iris,Giabuzzi,igiabuzzike@time.com,Female,90.206.60.188
736,Kahlil,Olley,kolleykf@constantcontact.com,Male,110.15.228.43
737,Lulita,Wise,lwisekg@php.net,Male,193.206.246.91
738,Ranice,Cod,rcodkh@cnn.com,Female,32.119.40.118
739,Sibylle,Satteford,ssattefordki@youtu.be,Female,1.85.77.173
740,Elyse,Gladyer,egladyerkj@yolasite.com,Male,85.19.221.49
741,Clarey,Byforth,cbyforthkk@spotify.com,Female,12.61.171.95
742,Wendy,Wonfor,wwonforkl@chicagotribune.com,Non-binary,76.66.131.214
743,Yardley,Satchel,ysatchelkm@oracle.com,Female,18.199.28.48
744,Norah,Calloway,ncallowaykn@wikipedia.org,Male,104.184.198.235
745,Charisse,Haysar,chaysarko@nifty.com,Female,77.92.236.4
746,Salaidh,Pfaffel,spfaffelkp@wikia.com,Non-binary,231.219.245.238
747,Colan,Caldayrou,ccaldayroukq@oakley.com,Male,75.17.191.1
748,Ferdinand,Giacomuzzo,fgiacomuzzokr@time.com,Male,67.221.16.118
749,Parke,Dreng,pdrengks@salon.com,Female,8.248.235.41
750,Tamarra,Hofner,thofnerkt@techcrunch.com,Male,176.120.83.197
751,Christy,Notman,cnotmanku@moonfruit.com,Female,68.26.243.10
752,Kameko,Nelthropp,knelthroppkv@nymag.com,Female,172.75.162.107
753,Elvin,Kellogg,ekelloggkw@studiopress.com,Female,140.133.255.167
754,Dal,Jordi,djordikx@princeton.edu,Male,199.203.105.192
755,Amalita,Kempshall,akempshallky@telegraph.co.uk,Female,84.5.86.26
756,Leesa,Foden,lfodenkz@japanpost.jp,Male,220.99.106.130
757,Korella,Chesher,kchesherl0@java.com,Male,171.96.82.15
758,Lethia,Weldrick,lweldrickl1@blogtalkradio.com,Male,82.253.154.157
759,Harper,Rafferty,hraffertyl2@geocities.jp,Male,121.175.140.125
760,Neill,Winnett,nwinnettl3@elegantthemes.com,Female,52.230.179.209
761,Lance,Woolf,lwoolfl4@sbwire.com,Male,48.114.244.180
762,Winston,Mordin,wmordinl5@addtoany.com,Female,197.53.179.16
763,Ranique,Swatradge,rswatradgel6@behance.net,Male,52.231.46.17
764,Sidoney,Northage,snorthagel7@ning.com,Female,166.141.235.66
765,Basilius,Grestie,bgrestiel8@diigo.com,Male,151.72.220.125
766,Fernande,Tichner,ftichnerl9@shareasale.com,Male,244.249.57.212
767,Bernie,Alennikov,balennikovla@oakley.com,Female,9.1.220.246
768,Candie,Levicount,clevicountlb@goo.gl,Male,70.38.174.27
769,Dugald,Braybrookes,dbraybrookeslc@photobucket.com,Female,42.24.126.243
770,Edeline,Gorusso,egorussold@nytimes.com,Female,105.39.248.227
771,Karlee,Dwyr,kdwyrle@wix.com,Female,132.70.13.5
772,Burke,Sposito,bspositolf@intel.com,Male,188.2.145.237
773,Perle,Reily,preilylg@umn.edu,Male,45.251.22.113
774,Brita,Crocket,bcrocketlh@ehow.com,Male,159.96.210.192
775,Lenka,Tacker,ltackerli@vistaprint.com,Female,176.199.31.153
776,Deb,Aujouanet,daujouanetlj@theatlantic.com,Male,102.16.110.109
777,Glenda,O'Dyvoie,godyvoielk@nsw.gov.au,Female,17.118.64.84
778,Christalle,Dulson,cdulsonll@disqus.com,Female,172.184.53.213
779,Eolanda,Byforth,ebyforthlm@businesswire.com,Male,167.96.127.11
780,Dredi,Iacobetto,diacobettoln@devhub.com,Male,27.232.245.146
781,Emyle,Morse,emorselo@163.com,Male,12.139.170.93
782,Claudina,Szymonowicz,cszymonowiczlp@japanpost.jp,Male,127.30.189.26
783,Malory,Berston,mberstonlq@vistaprint.com,Female,89.14.65.70
784,Marris,Hadcock,mhadcocklr@nbcnews.com,Female,125.176.160.82
785,Lanita,Bungey,lbungeyls@ft.com,Female,7.215.39.55
786,Amery,Rapin,arapinlt@un.org,Female,1.73.52.192
787,Jone,Cullrford,jcullrfordlu@howstuffworks.com,Female,200.18.50.64
788,Kathie,Jarrelt,kjarreltlv@infoseek.co.jp,Genderfluid,84.1.23.243
789,Darelle,Melbert,dmelbertlw@arizona.edu,Female,40.195.194.176
790,Samantha,Headington,sheadingtonlx@discovery.com,Female,147.5.157.0
791,Cazzie,Hateley,chateleyly@linkedin.com,Female,186.236.2.168
792,Carlos,Cruickshanks,ccruickshankslz@scribd.com,Agender,55.107.171.37
793,Guthry,McDonell,gmcdonellm0@webmd.com,Female,164.240.56.113
794,Valry,Aumerle,vaumerlem1@sciencedaily.com,Female,231.134.178.165
795,Tressa,Reame,treamem2@slashdot.org,Male,222.28.150.116
796,Vasily,Ateridge,vateridgem3@gizmodo.com,Female,180.190.19.42
797,Effie,Deeble,edeeblem4@163.com,Male,6.224.154.59
798,Louisa,Witherby,lwitherbym5@wix.com,Female,107.159.116.2
799,Cedric,Castellet,ccastelletm6@ucla.edu,Female,1.28.55.63
800,Maridel,Heffy,mheffym7@senate.gov,Male,248.237.211.6
801,Hallie,Jerisch,hjerischm8@ovh.net,Male,163.97.55.251
802,Cariotta,Hitzschke,chitzschkem9@shareasale.com,Male,62.230.207.92
803,Lovell,Threlkeld,lthrelkeldma@bigcartel.com,Bigender,163.7.24.116
804,Gilda,Frayne,gfraynemb@bigcartel.com,Male,195.136.180.13
805,Rozina,Boeter,rboetermc@clickbank.net,Male,26.232.94.110
806,Ceil,Downing,cdowningmd@de.vu,Male,146.203.140.19
807,Ax,Thoday,athodayme@slideshare.net,Female,133.93.4.179
808,Mitchael,Scambler,mscamblermf@github.io,Male,32.30.221.164
809,Kori,Bubb,kbubbmg@discuz.net,Male,168.84.140.103
810,Sheffy,Lehrer,slehrermh@rediff.com,Female,170.200.33.244
811,Jacquie,Hearle,jhearlemi@pcworld.com,Genderfluid,35.66.245.245
812,Lowe,Abbis,labbismj@free.fr,Female,123.245.44.60
813,Goldia,McGrill,gmcgrillmk@bandcamp.com,Male,204.75.190.232
814,Huntley,Lawson,hlawsonml@google.co.jp,Female,153.121.65.224
815,Meyer,Willingham,mwillinghammm@irs.gov,Female,30.88.30.146
816,Evvy,Otson,eotsonmn@jalbum.net,Bigender,33.75.223.172
817,Johanna,Schlag,jschlagmo@prweb.com,Male,247.90.152.199
818,Dede,Sertin,dsertinmp@amazonaws.com,Female,27.174.117.241
819,Pincas,Greenshiels,pgreenshielsmq@netlog.com,Female,73.44.17.69
820,Ogdan,Day,odaymr@zimbio.com,Male,115.148.39.172
821,Saul,Coveny,scovenyms@mail.ru,Male,33.141.118.46
822,Prescott,Tunkin,ptunkinmt@ucoz.ru,Male,203.126.247.183
823,Barbie,Toffoletto,btoffolettomu@dailymotion.com,Female,148.240.80.162
824,Marketa,Sackur,msackurmv@slashdot.org,Male,47.31.206.168
825,Filmer,Hampe,fhampemw@telegraph.co.uk,Male,41.228.255.91
826,Glyn,Roberson,grobersonmx@microsoft.com,Female,192.79.113.56
827,Arne,Rickwood,arickwoodmy@ask.com,Female,77.146.111.19
828,Agnola,Surman-Wells,asurmanwellsmz@ebay.co.uk,Female,142.200.212.111
829,Johnette,Ricardon,jricardonn0@salon.com,Male,71.151.188.197
830,Fiann,Crilly,fcrillyn1@slashdot.org,Male,204.188.73.56
831,Granthem,Scarsbrook,gscarsbrookn2@cnn.com,Male,140.232.154.153
832,Louie,Forcade,lforcaden3@sogou.com,Female,239.118.205.146
833,Wyn,Jesty,wjestyn4@gnu.org,Bigender,164.174.140.28
834,Tedman,Golden,tgoldenn5@sphinn.com,Male,176.227.236.215
835,Megen,Gossart,mgossartn6@jugem.jp,Male,177.158.113.65
836,Abbot,Brand,abrandn7@1und1.de,Female,3.212.106.145
837,Concordia,Brammer,cbrammern8@sohu.com,Genderfluid,48.71.145.225
838,Sig,Harraway,sharrawayn9@dyndns.org,Female,134.52.110.149
839,Dani,Merring,dmerringna@europa.eu,Male,45.38.250.137
840,Jesse,Srutton,jsruttonnb@sourceforge.net,Female,196.42.177.11
841,Skylar,Veregan,sveregannc@sohu.com,Male,135.106.128.210
842,Erika,Mawdsley,emawdsleynd@cargocollective.com,Male,16.0.34.164
843,Irving,Spilsburie,ispilsburiene@latimes.com,Female,248.135.182.21
844,Hoebart,Jagielski,hjagielskinf@wsj.com,Male,36.142.48.231
845,Shelton,Wimp,swimpng@va.gov,Bigender,149.35.212.41
846,Janean,Cowope,jcowopenh@furl.net,Female,50.112.113.100
847,Christy,Laxon,claxonni@businessinsider.com,Female,50.59.92.98
848,Perl,Hillen,phillennj@engadget.com,Female,61.138.136.108
849,Ashla,Skeech,askeechnk@ted.com,Female,144.94.37.16
850,Catharine,Bacon,cbaconnl@auda.org.au,Female,11.75.252.172
851,Mariel,Strutt,mstruttnm@51.la,Male,59.173.38.54
852,Davie,Maitland,dmaitlandnn@pagesperso-orange.fr,Female,49.236.94.89
853,Adolph,Gane,aganeno@shinystat.com,Female,30.170.83.56
854,Paolina,Hartle,phartlenp@answers.com,Female,232.197.16.115
855,Lind,Fritchley,lfritchleynq@issuu.com,Male,28.156.179.36
856,Rik,Tremberth,rtremberthnr@amazon.de,Male,242.191.82.97
857,Iggie,Scrigmour,iscrigmourns@icio.us,Female,205.71.166.147
858,Haywood,Dartan,hdartannt@forbes.com,Male,68.176.122.25
859,Bastian,Gerardot,bgerardotnu@bigcartel.com,Female,40.124.46.217
860,Alanna,Dober,adobernv@jugem.jp,Female,31.52.15.238
861,Luis,Braidley,lbraidleynw@wsj.com,Male,164.26.109.114
862,Sigrid,Benns,sbennsnx@sina.com.cn,Female,154.92.25.237
863,Jeffrey,Sokale,jsokaleny@odnoklassniki.ru,Male,103.190.219.64
864,Cazzie,MacKean,cmackeannz@theatlantic.com,Female,162.46.148.22
865,Dominique,Pyott,dpyotto0@indiegogo.com,Male,227.90.241.138
866,Grazia,Bockmann,gbockmanno1@blogs.com,Male,217.174.158.200
867,Caryl,Fittes,cfitteso2@eventbrite.com,Agender,131.20.67.203
868,Anthiathia,Orpin,aorpino3@cdbaby.com,Female,87.191.217.123
869,Carlo,Chatel,cchatelo4@samsung.com,Male,35.138.233.105
870,Otto,Matignon,omatignono5@hc360.com,Female,220.144.4.230
871,Alano,Rosencwaig,arosencwaigo6@usnews.com,Male,254.234.193.175
872,Wendi,Carter,wcartero7@shareasale.com,Male,120.142.60.220
873,Claribel,Maevela,cmaevelao8@columbia.edu,Non-binary,105.196.2.202
874,Blayne,Erwin,berwino9@1und1.de,Male,14.42.132.66
875,Petrina,Elsip,pelsipoa@sourceforge.net,Female,225.108.128.234
876,Sharai,Mortimer,smortimerob@nifty.com,Male,229.20.101.46
877,Jsandye,Stollberger,jstollbergeroc@printfriendly.com,Male,2.115.232.209
878,Sadella,Nieass,snieassod@cam.ac.uk,Male,210.180.72.220
879,Ericka,Penberthy,epenberthyoe@trellian.com,Male,131.112.199.169
880,Lowell,MacCleod,lmaccleodof@fotki.com,Female,112.23.86.83
881,Alexio,Schlagman,aschlagmanog@ask.com,Male,190.130.83.67
882,Winfred,Danbi,wdanbioh@chicagotribune.com,Male,129.52.137.182
883,Thornton,Shillum,tshillumoi@ning.com,Female,53.201.199.225
884,Maggy,Kleinholz,mkleinholzoj@freewebs.com,Female,46.181.187.249
885,Sandi,Apfel,sapfelok@dagondesign.com,Male,224.132.104.48
886,Allistir,Carneck,acarneckol@bizjournals.com,Male,238.181.171.207
887,Agnesse,Carlone,acarloneom@nymag.com,Male,254.125.52.218
888,Karil,Doppler,kdoppleron@privacy.gov.au,Male,47.218.123.3
889,Byran,Abotson,babotsonoo@phoca.cz,Female,225.102.53.230
890,Ulberto,Barnish,ubarnishop@nhs.uk,Female,179.113.72.193
891,Haily,Teresi,hteresioq@angelfire.com,Female,250.248.217.108
892,Konstanze,Colling,kcollingor@ihg.com,Female,193.60.189.4
893,Benoit,Royle,broyleos@eventbrite.com,Female,88.153.81.59
894,Tatiania,Chatres,tchatresot@360.cn,Female,96.213.109.175
895,Staci,Kleinert,skleinertou@apple.com,Female,234.173.239.5
896,Rivalee,Torvey,rtorveyov@abc.net.au,Male,224.246.252.152
897,Claiborn,Ciobutaru,cciobutaruow@ox.ac.uk,Female,101.247.9.251
898,Carol-jean,Harrhy,charrhyox@exblog.jp,Male,135.168.10.68
899,Jeff,McNevin,jmcnevinoy@businessinsider.com,Female,232.123.131.41
900,Gloriana,Moule,gmouleoz@joomla.org,Male,155.144.71.24
901,Alyce,Alldis,aalldisp0@pbs.org,Agender,183.244.175.67
902,Sibbie,Grzesiak,sgrzesiakp1@mediafire.com,Female,71.170.68.154
903,Correy,Barock,cbarockp2@dropbox.com,Female,254.149.73.154
904,Ilysa,Swett,iswettp3@gravatar.com,Male,179.246.48.186
905,Sissy,Irnys,sirnysp4@123-reg.co.uk,Female,241.53.46.35
906,Kenny,Montez,kmontezp5@ning.com,Male,143.153.60.227
907,Gisele,Perceval,gpercevalp6@arizona.edu,Female,4.138.160.202
908,Gawen,Fairpool,gfairpoolp7@github.io,Male,1.62.57.49
909,Faydra,Durrett,fdurrettp8@tamu.edu,Agender,118.25.49.139
910,Graig,Rodinger,grodingerp9@behance.net,Male,108.238.163.175
911,Alayne,Argontt,aargonttpa@umich.edu,Female,150.23.3.92
912,Hendrick,Shave,hshavepb@booking.com,Female,233.246.19.93
913,Verney,Element,velementpc@baidu.com,Male,89.2.174.17
914,Tabbitha,Sayles,tsaylespd@google.it,Male,89.34.232.60
915,Dominica,Wagstaff,dwagstaffpe@creativecommons.org,Male,160.44.21.143
916,Dorice,Losebie,dlosebiepf@nih.gov,Male,253.179.101.44
917,Ynez,Callcott,ycallcottpg@oakley.com,Female,114.124.31.130
918,Tessi,Templeman,ttemplemanph@tamu.edu,Female,191.146.95.184
919,Dolli,Windrus,dwindruspi@ebay.co.uk,Bigender,158.132.223.5
920,Tani,Scane,tscanepj@un.org,Male,59.169.116.10
921,Guillermo,Comley,gcomleypk@amazonaws.com,Genderfluid,229.147.230.149
922,Filbert,Nolda,fnoldapl@baidu.com,Female,102.151.246.175
923,Oberon,Lethbrig,olethbrigpm@google.ca,Male,103.245.58.167
924,Risa,Danilowicz,rdanilowiczpn@answers.com,Female,108.65.49.231
925,Meier,Sleet,msleetpo@vkontakte.ru,Male,77.75.58.223
926,Devin,Knapper,dknapperpp@thetimes.co.uk,Bigender,144.147.14.44
927,Marsh,Kilgannon,mkilgannonpq@cdc.gov,Female,72.223.131.182
928,Carmita,McMurdo,cmcmurdopr@apache.org,Female,160.101.112.29
929,Rufus,Sexstone,rsexstoneps@unesco.org,Male,220.158.59.100
930,Maureene,Gookey,mgookeypt@stumbleupon.com,Male,115.253.18.42
931,Mora,Cadden,mcaddenpu@utexas.edu,Male,132.106.150.193
932,Amble,Aiton,aaitonpv@ebay.com,Female,43.63.18.86
933,Aimil,Chalfant,achalfantpw@smugmug.com,Male,166.126.81.113
934,Ethyl,Lindenbluth,elindenbluthpx@economist.com,Female,89.169.0.46
935,Findley,Wimmer,fwimmerpy@wikispaces.com,Female,239.185.8.131
936,Zebedee,Methringham,zmethringhampz@boston.com,Male,100.92.196.189
937,Mildred,O'Dowd,modowdq0@123-reg.co.uk,Female,90.7.142.148
938,Cobb,Crosher,ccrosherq1@dedecms.com,Female,77.105.199.82
939,Ethan,Hiscoe,ehiscoeq2@spiegel.de,Male,183.127.199.88
940,Lily,Halvosen,lhalvosenq3@netscape.com,Female,77.178.210.227
941,Jesselyn,Lancaster,jlancasterq4@studiopress.com,Female,243.136.209.234
942,Danielle,Adamek,dadamekq5@loc.gov,Male,70.71.204.167
943,Mel,Cloutt,mclouttq6@google.com.br,Male,159.132.37.164
944,Franky,Reeson,freesonq7@sitemeter.com,Female,227.178.131.0
945,Larry,Frend,lfrendq8@abc.net.au,Female,56.255.38.224
946,Reinhold,Gwilym,rgwilymq9@sogou.com,Male,174.87.174.5
947,Elyse,Danielski,edanielskiqa@who.int,Male,1.96.100.135
948,Trish,Adame,tadameqb@photobucket.com,Female,150.96.238.114
949,Judye,Gooly,jgoolyqc@nasa.gov,Female,203.228.123.170
950,Bucky,McLarnon,bmclarnonqd@google.es,Male,115.48.82.79
951,Christabella,Cadogan,ccadoganqe@seesaa.net,Male,150.181.169.196
952,Laverne,Crus,lcrusqf@arizona.edu,Male,166.227.16.85
953,Arluene,Casazza,acasazzaqg@mail.ru,Male,45.18.198.118
954,Tiler,Jillions,tjillionsqh@whitehouse.gov,Bigender,92.94.130.141
955,Westbrook,Antoniutti,wantoniuttiqi@prweb.com,Female,18.165.129.194
956,Sol,Carreyette,scarreyetteqj@netlog.com,Female,19.120.48.54
957,Tomlin,Ashwood,tashwoodqk@ucsd.edu,Male,30.90.68.122
958,Alyosha,Vogeler,avogelerql@cafepress.com,Male,80.72.209.214
959,Arel,Antoons,aantoonsqm@live.com,Female,65.246.0.231
960,Sacha,Pietrasik,spietrasikqn@newsvine.com,Male,66.33.235.90
961,Madelaine,Strand,mstrandqo@de.vu,Male,207.60.3.216
962,Jeremy,Moggan,jmogganqp@boston.com,Female,64.247.254.28
963,Conant,O'Neill,coneillqq@businesswire.com,Male,122.78.119.121
964,Wendall,Drexel,wdrexelqr@angelfire.com,Genderfluid,29.246.242.143
965,Jennine,Liddiatt,jliddiattqs@google.de,Female,63.75.162.214
966,Gav,Jorgensen,gjorgensenqt@jalbum.net,Male,143.100.131.34
967,Reggis,Brombell,rbrombellqu@huffingtonpost.com,Male,208.17.140.110
968,Wallie,Malsher,wmalsherqv@chronoengine.com,Female,201.63.202.78
969,Erik,Marti,emartiqw@ucla.edu,Male,76.234.102.174
970,Anastasie,Hedylstone,ahedylstoneqx@techcrunch.com,Female,0.140.111.216
971,Barde,Fidgin,bfidginqy@prnewswire.com,Male,161.172.77.143
972,Robinet,Levet,rlevetqz@youku.com,Male,243.216.33.154
973,Griffith,Jeffcoat,gjeffcoatr0@angelfire.com,Male,132.45.245.89
974,Renee,Agass,ragassr1@ustream.tv,Male,244.58.221.108
975,Raimund,Starmont,rstarmontr2@examiner.com,Female,229.155.111.17
976,Gabbie,St Leger,gstlegerr3@histats.com,Female,102.144.173.79
977,Ferdinand,Sea,fsear4@nasa.gov,Female,250.114.29.204
978,Adrien,Lovelady,aloveladyr5@buzzfeed.com,Male,131.61.162.0
979,Franky,Michele,fmicheler6@msn.com,Female,105.7.53.59
980,Philippe,Napolitano,pnapolitanor7@usda.gov,Female,230.40.19.166
981,Gary,Caudrelier,gcaudrelierr8@wufoo.com,Female,82.94.97.240
982,Percy,Lauxmann,plauxmannr9@fotki.com,Male,183.252.150.147
983,Tades,O' Driscoll,todriscollra@samsung.com,Male,10.163.94.17
984,Maura,Sampey,msampeyrb@bloomberg.com,Female,218.49.1.111
985,Melva,Geikie,mgeikierc@mozilla.com,Polygender,7.133.249.133
986,Andree,Akehurst,aakehurstrd@exblog.jp,Female,21.61.199.63
987,Evey,Salkild,esalkildre@typepad.com,Female,248.120.180.76
988,Hailey,Czaja,hczajarf@godaddy.com,Male,153.182.130.70
989,Leese,Weatherburn,lweatherburnrg@myspace.com,Female,163.98.111.198
990,Sibylle,Rudolf,srudolfrh@mozilla.com,Non-binary,55.171.225.34
991,Nichole,McCuthais,nmccuthaisri@wikia.com,Male,216.135.196.206
992,Rodrique,Wigley,rwigleyrj@howstuffworks.com,Agender,99.94.30.15
993,Eimile,Winstone,ewinstonerk@ucoz.com,Male,158.84.66.66
994,Melosa,Mitchenson,mmitchensonrl@about.com,Female,64.190.193.251
995,Steffie,Cartmail,scartmailrm@unblog.fr,Male,14.24.112.245
996,Valaree,Pulman,vpulmanrn@xinhuanet.com,Male,24.216.209.165
997,Cordy,Walshaw,cwalshawro@virginia.edu,Female,201.101.124.171
998,Yetty,Bolstridge,ybolstridgerp@ihg.com,Non-binary,8.77.209.4
999,Yettie,Whillock,ywhillockrq@1und1.de,Male,127.183.235.82
1000,Shermie,Terney,sterneyrr@usnews.com,Male,201.194.5.183
