id,first_name,last_name,email,gender,ip_address
3,Teddi,Wogdon,twogdon2@networksolutions.com,Male,103.76.145.8
4,Dora,Ionnisian,dionnisian3@w3.org,Female,239.80.98.178
5,Izzy,Klimmek,iklimmek4@dropbox.com,Female,110.14.11.240
6,Othilia,Storror,ostorror5@skype.com,Female,232.37.92.190
7,Annmaria,Singh,asingh6@dropbox.com,Male,76.162.49.246
8,Balduin,Belcher,bbelcher7@chronoengine.com,Genderqueer,29.180.204.81
9,Dixie,Croome,dcroome8@sfgate.com,Bigender,204.189.83.244
10,Niko,Martusewicz,nmartusewicz9@businesswire.com,Female,174.56.188.105
11,Ody,Morden,omordena@blog.com,Male,134.140.12.134
12,Jamaal,Stenyng,jstenyngb@mashable.com,Female,2.155.225.99
13,Maure,Risen,mrisenc@mashable.com,Female,212.124.65.50
14,Roma,Falconbridge,rfalconbridged@apple.com,Genderfluid,99.127.235.208
15,Cybil,Edwinson,cedwinsone@unblog.fr,Male,12.74.169.33
16,Etty,Harman,eharmanf@nih.gov,Female,131.179.18.134
17,Adena,Wegner,awegnerg@pcworld.com,Female,57.170.164.91
18,Perla,Bedboro,pbedboroh@hubpages.com,Male,196.135.123.1
19,Shea,Spellacy,sspellacyi@gravatar.com,Male,238.185.138.156
20,Kyle,Sieghard,ksieghardj@redcross.org,Female,136.131.106.116
21,Asa,Habble,ahabblek@google.com.au,Female,63.209.172.42
22,Ajay,Osmint,aosmintl@chronoengine.com,Male,63.164.159.171
23,Bobby,Binns,bbinnsm@flavors.me,Female,122.38.65.201
24,Paloma,Townes,ptownesn@google.cn,Male,75.201.26.102
25,Lucy,Litterick,llittericko@imgur.com,Female,120.184.144.169
26,Halli,Cleve,hclevep@mit.edu,Male,125.218.166.187
27,Dido,Wilkin,dwilkinq@shop-pro.jp,Male,168.105.1.2
28,Tann,Gayforth,tgayforthr@ycombinator.com,Male,0.185.55.161
29,Erna,MacLleese,emaclleeses@wufoo.com,Genderfluid,46.11.109.213
30,Sisely,Gravenell,sgravenellt@businessinsider.com,Male,24.77.230.218
31,Cassandry,Bernade,cbernadeu@weebly.com,Male,112.130.6.58
32,Rowan,Mariaud,rmariaudv@springer.com,Female,65.105.208.107
33,Goober,Andreia,gandreiaw@odnoklassniki.ru,Female,135.95.232.79
34,Beret,Dikelin,bdikelinx@ted.com,Male,26.234.223.77
35,Hill,Duffell,hduffelly@wp.com,Female,133.64.129.90
36,Bordie,Plumbe,bplumbez@mail.ru,Male,243.238.154.56
37,Dianna,Grishanov,dgrishanov10@washington.edu,Genderfluid,107.56.162.121
38,Egor,Dalston,edalston11@amazon.de,Female,38.197.121.99
39,Yasmin,Gourdon,ygourdon12@theguardian.com,Female,25.160.72.197
40,Flin,Lutwyche,flutwyche13@nature.com,Female,148.229.106.208
41,Ethelred,de Verson,edeverson14@uol.com.br,Male,237.181.152.208
42,Zolly,Proudler,zproudler15@cdbaby.com,Male,143.15.135.22
43,Richart,Rickeard,rrickeard16@360.cn,Male,97.210.238.48
44,Adena,Mitchenson,amitchenson17@guardian.co.uk,Male,51.202.178.185
45,Basil,Verrechia,bverrechia18@eventbrite.com,Female,250.96.30.45
46,Legra,Records,lrecords19@rakuten.co.jp,Female,228.104.150.36
47,Inigo,Priden,ipriden1a@hatena.ne.jp,Female,144.159.31.29
48,Harmonia,Paolino,hpaolino1b@pen.io,Male,75.132.139.156
49,Ingaborg,Grishakov,igrishakov1c@google.pl,Female,57.167.7.48
50,Carlye,Collough,ccollough1d@livejournal.com,Male,99.34.197.21
51,Etienne,Barnfield,ebarnfield1e@state.tx.us,Female,95.135.246.132
52,Tadio,Jarmyn,tjarmyn1f@icq.com,Female,171.249.92.92
53,Lazare,Doy,ldoy1g@imageshack.us,Male,186.87.32.220
54,Bucky,Mather,bmather1h@taobao.com,Female,126.242.190.146
55,Bellanca,Fehely,bfehely1i@bbb.org,Male,83.8.127.51
56,Rachelle,Chevers,rchevers1j@privacy.gov.au,Female,149.209.8.206
57,Mella,Lummasana,mlummasana1k@blinklist.com,Male,90.2.249.53
58,Ogdon,Liddiard,oliddiard1l@domainmarket.com,Female,53.100.238.10
59,Idette,Conquest,iconquest1m@t.co,Female,31.83.61.152
60,Chance,Matitiaho,cmatitiaho1n@pcworld.com,Male,73.147.114.217
61,Lanie,Curds,lcurds1o@google.com,Male,201.133.66.6
62,Dalis,McMurty,dmcmurty1p@princeton.edu,Male,63.234.162.17
63,Adelheid,Forman,aforman1q@nyu.edu,Male,176.138.148.0
64,Cristionna,Betteriss,cbetteriss1r@umn.edu,Female,248.98.11.24
65,Anette,Wrist,awrist1s@google.com.br,Male,163.195.158.63
66,Terrence,Liddle,tliddle1t@cdbaby.com,Male,193.110.52.150
67,Ethyl,Paulsson,epaulsson1u@google.com.br,Male,155.118.4.16
68,Timmy,Chevolleau,tchevolleau1v@unicef.org,Male,51.199.198.197
69,Pall,Bradick,pbradick1w@yahoo.co.jp,Female,98.79.130.248
70,Shina,McCaughran,smccaughran1x@yandex.ru,Female,174.95.178.232
71,Angela,Doyle,adoyle1y@jigsy.com,Male,67.1.139.67
72,Germayne,Sweet,gsweet1z@xinhuanet.com,Bigender,217.24.32.239
73,Scott,Boundy,sboundy20@usa.gov,Bigender,91.59.98.89
74,Freeland,Ravel,fravel21@fda.gov,Female,35.238.191.33
75,Michele,Maggill'Andreis,mmaggillandreis22@examiner.com,Female,12.98.253.6
76,Jameson,Blonden,jblonden23@tamu.edu,Female,84.88.203.172
77,Larina,Brickner,lbrickner24@merriam-webster.com,Male,47.161.212.175
78,Hedvig,Comrie,hcomrie25@virginia.edu,Female,87.244.98.52
79,Doreen,Chastang,dchastang26@wufoo.com,Female,139.121.96.63
80,Marsiella,Ajsik,majsik27@t.co,Male,82.84.148.20
81,Oralle,Jandourek,ojandourek28@go.com,Female,57.59.101.169
82,Renell,Bourley,rbourley29@behance.net,Female,166.18.152.29
83,Analise,Cullnean,acullnean2a@jigsy.com,Male,212.29.140.177
84,Tonie,Thackray,tthackray2b@dion.ne.jp,Female,153.127.178.58
85,Gasper,Skehens,gskehens2c@statcounter.com,Female,167.70.115.96
86,Demetre,Duding,dduding2d@blog.com,Female,60.54.34.15
87,Jessie,Seifenmacher,jseifenmacher2e@ustream.tv,Female,76.87.241.108
88,Barry,Lofts,blofts2f@oracle.com,Male,29.49.147.128
89,Ralf,Rallinshaw,rrallinshaw2g@w3.org,Non-binary,199.146.6.148
90,Ase,Puddifer,apuddifer2h@1688.com,Female,31.41.69.244
91,Leland,Casaletto,lcasaletto2i@ifeng.com,Female,94.228.81.76
92,Leigh,Ethelston,lethelston2j@time.com,Male,127.74.107.1
93,Patrizio,Maidment,pmaidment2k@army.mil,Female,158.156.218.206
94,Ambrose,Willcox,awillcox2l@ow.ly,Female,216.88.161.223
95,Blithe,Lippingwell,blippingwell2m@bravesites.com,Male,152.48.186.16
96,Boony,Wemes,bwemes2n@abc.net.au,Genderqueer,124.59.121.229
97,Nappie,Oakenford,noakenford2o@cnet.com,Female,62.76.20.250
98,Adam,Borchardt,aborchardt2p@mozilla.org,Female,84.73.201.126
99,Marjie,Twinning,mtwinning2q@examiner.com,Female,178.37.107.12
100,Stephanus,Whines,swhines2r@smh.com.au,Male,79.207.17.240
101,Auguste,Alison,aalison2s@time.com,Male,28.30.223.217
