id,first_name,last_name,email,gender,ip_address
303,Frederich,Ruspine,fruspine8e@cbslocal.com,Non-binary,127.28.62.100
304,Rosanne,Aikin,raikin8f@ovh.net,Male,179.254.197.105
305,Adolpho,Base,abase8g@hostgator.com,Female,65.149.254.139
306,Liza,Turville,lturville8h@hibu.com,Male,104.250.34.236
307,Garrett,Bynert,gbynert8i@hhs.gov,Female,240.85.171.25
308,Reg,Vice,rvice8j@tripadvisor.com,Female,84.179.28.93
309,Sarette,Shimon,sshimon8k@yolasite.com,Male,2.81.60.107
310,Floria,Iashvili,fiashvili8l@weather.com,Female,174.48.66.17
311,Katherina,Beagen,kbeagen8m@twitpic.com,Male,133.211.218.139
312,Brande,Aleswell,baleswell8n@blogger.com,Polygender,245.157.245.117
313,Constantia,Osipenko,cosipenko8o@xrea.com,Female,210.214.127.8
314,Kylynn,O'Dwyer,kodwyer8p@hud.gov,Female,3.237.164.233
315,Brigitta,Morgan,bmorgan8q@imgur.com,Male,35.169.87.184
316,Nettie,Ungaretti,nungaretti8r@google.it,Female,167.19.156.140
317,Alf,Capps,acapps8s@ted.com,Male,24.164.89.243
318,Elroy,Oke,eoke8t@webnode.com,Male,112.184.108.15
319,Zach,Giffard,zgiffard8u@purevolume.com,Male,130.76.154.183
320,Koenraad,Richmond,krichmond8v@liveinternet.ru,Male,85.84.102.120
321,Issiah,Ostler,iostler8w@bing.com,Female,216.164.198.233
322,Wendell,Elks,welks8x@archive.org,Male,161.16.14.110
323,Gabbie,Dach,gdach8y@wikipedia.org,Female,79.67.74.104
324,Tersina,Maddy,tmaddy8z@chron.com,Female,46.179.104.174
325,Katya,Bywaters,kbywaters90@uiuc.edu,Non-binary,122.66.64.89
326,Karlotte,McGennis,kmcgennis91@theatlantic.com,Female,85.146.76.158
327,Khalil,Genicke,kgenicke92@eventbrite.com,Male,166.64.115.80
328,Jamima,Hares,jhares93@phpbb.com,Male,90.125.72.213
329,Deina,Brettel,dbrettel94@shareasale.com,Male,49.160.238.175
330,Cull,Andrysiak,candrysiak95@weebly.com,Male,202.26.209.93
331,Celisse,Schohier,cschohier96@berkeley.edu,Female,231.144.118.196
332,Lynea,Woolfall,lwoolfall97@google.co.jp,Male,167.215.75.172
333,Royce,Hlavecek,rhlavecek98@ibm.com,Male,150.25.76.204
334,Lissy,Rillstone,lrillstone99@wix.com,Female,114.189.7.133
335,Adriena,Rhodef,arhodef9a@diigo.com,Male,251.192.239.146
336,Karlens,Iacovozzo,kiacovozzo9b@amazon.de,Female,255.135.202.59
337,Priscella,Timcke,ptimcke9c@umich.edu,Female,156.203.126.127
338,Leupold,Giraudou,lgiraudou9d@toplist.cz,Male,222.16.106.175
339,Myrtia,Bradshaw,mbradshaw9e@xing.com,Female,47.54.17.66
340,Benny,MacRanald,bmacranald9f@who.int,Male,185.193.52.26
341,Charity,Besnard,cbesnard9g@harvard.edu,Female,112.188.220.249
342,Lucien,Filewood,lfilewood9h@unesco.org,Female,2.80.162.47
343,Drusi,Pillans,dpillans9i@bizjournals.com,Female,13.95.6.172
344,Christiana,Renackowna,crenackowna9j@domainmarket.com,Female,131.206.20.81
345,Gothart,Trosdall,gtrosdall9k@tripadvisor.com,Male,110.191.173.11
346,Pammi,Lloyds,plloyds9l@uol.com.br,Female,9.84.140.202
347,Dennison,Gingold,dgingold9m@blogger.com,Male,1.245.192.185
348,Jenna,Dienes,jdienes9n@i2i.jp,Female,114.172.155.31
349,Fidela,Banisch,fbanisch9o@livejournal.com,Female,190.48.89.114
350,Hilda,Oliveti,holiveti9p@unc.edu,Male,240.194.49.80
351,Ransom,Ulyat,rulyat9q@oracle.com,Bigender,166.221.220.205
352,Francklyn,Cornils,fcornils9r@e-recht24.de,Male,200.199.164.140
353,Abram,Gleeton,agleeton9s@ocn.ne.jp,Female,252.84.104.95
354,Thedrick,Saltsberg,tsaltsberg9t@themeforest.net,Female,120.46.95.245
355,Ros,Braunthal,rbraunthal9u@digg.com,Female,120.165.221.34
356,Hanny,Raycroft,hraycroft9v@blogtalkradio.com,Female,96.102.93.95
357,Sophi,Overal,soveral9w@nifty.com,Male,124.39.17.130
358,Sher,Thurston,sthurston9x@jiathis.com,Female,134.123.118.119
359,Cobb,Hrinchishin,chrinchishin9y@hhs.gov,Male,176.7.45.243
360,Vinnie,Brehault,vbrehault9z@eepurl.com,Genderfluid,135.215.234.13
361,Cathryn,Turone,cturonea0@newyorker.com,Female,92.227.62.69
362,Terry,Raimbauld,traimbaulda1@redcross.org,Female,237.11.195.149
363,Natividad,Camel,ncamela2@state.tx.us,Male,55.206.102.54
364,Farlay,Barcke,fbarckea3@wufoo.com,Female,141.121.161.193
365,Portia,Barraclough,pbarraclougha4@unblog.fr,Genderfluid,10.246.235.131
366,Aurea,Cominello,acominelloa5@bbc.co.uk,Female,65.119.191.59
367,Chiquita,Malarkey,cmalarkeya6@google.es,Female,205.143.242.157
368,Alfy,Baigent,abaigenta7@t.co,Female,167.37.82.19
369,Thomasina,McIlwrick,tmcilwricka8@infoseek.co.jp,Male,11.82.114.122
370,Chelsea,Elphey,celpheya9@chron.com,Male,127.96.131.142
371,Arielle,Mitrikhin,amitrikhinaa@uiuc.edu,Male,51.67.56.151
372,Leola,Jobbins,ljobbinsab@4shared.com,Male,157.222.210.67
373,Fonsie,Pierrepoint,fpierrepointac@constantcontact.com,Male,60.214.199.161
374,Elianore,Bly,eblyad@webmd.com,Female,134.55.111.47
375,Field,Netherclift,fnethercliftae@tripadvisor.com,Female,114.249.188.128
376,Whitney,Branchflower,wbranchfloweraf@narod.ru,Female,198.181.200.217
377,Ephrem,Lorking,elorkingag@cornell.edu,Female,71.249.192.234
378,Sherlock,Earwaker,searwakerah@admin.ch,Male,122.48.221.219
379,Enrica,Muslim,emuslimai@technorati.com,Female,111.172.52.78
380,Fifi,Lathwell,flathwellaj@issuu.com,Male,105.28.70.214
381,Tamas,Niave,tniaveak@google.com.au,Male,135.100.89.252
382,Tally,Fontanet,tfontanetal@people.com.cn,Non-binary,210.216.70.185
383,Wilmar,Hawket,whawketam@google.es,Female,105.225.20.178
384,Ofella,Thayre,othayrean@last.fm,Female,74.210.217.64
385,Glynnis,McDill,gmcdillao@cnbc.com,Male,0.157.215.120
386,Davy,Everil,deverilap@aboutads.info,Female,126.255.196.144
387,Giacopo,Manneville,gmannevilleaq@aol.com,Female,165.29.49.153
388,Nealon,Spriggin,nsprigginar@ning.com,Female,76.194.158.195
389,Elsie,Bawle,ebawleas@51.la,Male,70.127.214.76
390,Catlin,Dornin,cdorninat@delicious.com,Genderqueer,179.117.167.27
391,Erika,Matejic,ematejicau@bloglovin.com,Male,34.252.221.34
392,Bibbie,Amiranda,bamirandaav@yale.edu,Female,144.140.202.21
393,Demetris,Skippon,dskipponaw@senate.gov,Male,20.212.148.116
394,Malcolm,Brockway,mbrockwayax@omniture.com,Female,57.16.115.237
395,Nefen,Dederich,ndederichay@wikipedia.org,Male,83.240.253.188
396,Venus,Jimmes,vjimmesaz@uiuc.edu,Female,39.179.83.145
397,Roderick,Townley,rtownleyb0@house.gov,Male,56.207.141.226
398,Glenden,Teaser,gteaserb1@goodreads.com,Male,109.75.14.19
399,Kalle,Bosanko,kbosankob2@toplist.cz,Male,6.17.129.202
400,Claire,Tall,ctallb3@home.pl,Male,248.143.1.130
401,Lucias,de Clerk,ldeclerkb4@ftc.gov,Female,203.146.117.118
